User1,User2,Date_followed,Interactions,Interest_level
User_0,User_493,2022-11-26 04:30:26,64,4
User_1,User_899,2020-04-13 01:29:21,43,9
User_2,User_1171,2021-06-14 14:42:44,10,2
User_3,User_359,2022-04-18 10:43:34,95,2
User_4,User_939,2020-12-14 07:28:37,9,7
User_5,User_955,2021-02-19 23:01:17,46,10
User_6,User_1028,2020-08-09 14:52:30,7,5
User_7,User_1109,2022-02-04 04:44:04,10,4
User_8,User_1226,2022-11-20 02:38:08,26,6
User_9,User_343,2022-06-28 08:37:59,41,1
User_10,User_226,2022-12-23 04:59:51,100,3
User_11,User_671,2022-10-31 09:05:18,48,8
User_12,User_579,2021-05-27 10:54:49,32,1
User_13,User_669,2023-12-07 03:55:34,28,6
User_14,User_544,2023-01-10 06:37:18,77,10
User_15,User_680,2020-05-12 12:16:18,13,9
User_16,User_275,2021-10-16 02:45:15,94,3
User_17,User_90,2022-08-13 22:41:02,17,1
User_18,User_528,2021-08-12 16:02:58,26,6
User_19,User_119,2022-11-16 16:54:49,91,10
User_20,User_572,2023-02-26 06:02:29,15,1
User_21,User_827,2021-11-09 21:05:53,82,10
User_22,User_548,2021-01-25 10:52:47,94,1
User_23,User_480,2021-01-29 23:36:34,79,7
User_24,User_1232,2020-02-24 21:13:29,68,5
User_25,User_808,2020-08-12 00:19:15,63,7
User_26,User_1028,2020-01-05 04:02:12,47,1
User_27,User_257,2022-02-24 23:27:49,45,5
User_28,User_997,2020-09-02 23:00:34,19,2
User_29,User_714,2021-12-27 02:53:36,81,2
User_30,User_202,2020-08-28 22:27:47,41,1
User_31,User_361,2023-11-15 02:47:46,77,8
User_32,User_30,2022-12-26 03:43:41,81,10
User_33,User_632,2023-11-23 08:56:30,86,7
User_34,User_447,2021-01-25 10:55:28,87,7
User_35,User_120,2023-12-16 23:43:51,58,8
User_36,User_604,2022-08-06 06:09:21,68,9
User_37,User_1033,2021-08-13 06:42:08,64,6
User_38,User_420,2024-01-01 09:38:08,82,5
User_39,User_1001,2022-09-29 11:26:08,99,9
User_40,User_1245,2021-07-27 13:52:06,89,8
User_41,User_343,2020-05-18 08:13:31,92,1
User_42,User_207,2023-05-04 17:16:04,10,6
User_43,User_887,2023-12-12 05:30:31,65,3
User_44,User_1127,2023-06-01 08:47:36,62,5
User_45,User_52,2022-05-16 18:59:09,88,8
User_46,User_656,2024-04-01 14:09:14,21,3
User_47,User_494,2022-01-08 05:33:18,75,10
User_48,User_1015,2023-07-24 02:56:51,2,2
User_49,User_106,2023-06-20 05:04:40,46,4
User_50,User_806,2022-01-03 09:49:01,62,10
User_51,User_909,2020-05-15 20:14:25,11,7
User_52,User_689,2022-07-03 14:04:44,59,8
User_53,User_619,2021-05-31 04:56:36,25,1
User_54,User_330,2024-02-28 04:17:52,23,2
User_55,User_502,2022-11-06 03:41:10,89,3
User_56,User_248,2020-09-27 02:34:14,88,8
User_57,User_1093,2023-07-08 00:15:47,24,2
User_58,User_1070,2021-07-01 16:28:27,100,4
User_59,User_1111,2022-06-16 08:18:48,48,8
User_60,User_918,2020-03-15 03:06:45,58,8
User_61,User_534,2021-10-26 23:19:35,55,3
User_62,User_404,2020-05-30 11:26:02,50,7
User_63,User_949,2020-09-30 12:41:49,33,2
User_64,User_31,2020-12-04 05:24:37,22,10
User_65,User_1085,2023-11-01 00:06:57,100,6
User_66,User_296,2020-03-25 08:51:23,97,3
User_67,User_876,2021-04-02 09:02:20,70,3
User_68,User_947,2020-05-02 05:09:03,96,3
User_69,User_415,2021-11-23 03:39:56,40,4
User_70,User_985,2020-10-19 16:22:55,46,5
User_71,User_1077,2022-04-09 21:55:17,91,1
User_72,User_1031,2023-06-21 02:24:34,3,5
User_73,User_810,2023-05-18 21:51:11,28,9
User_74,User_1140,2020-06-28 10:51:26,52,9
User_75,User_1219,2024-03-31 02:51:32,90,7
User_76,User_1206,2023-11-04 22:31:23,4,1
User_77,User_767,2024-01-02 22:34:06,77,6
User_78,User_365,2022-02-26 16:51:44,41,10
User_79,User_748,2023-11-22 19:38:38,49,6
User_80,User_740,2022-03-31 01:04:33,73,5
User_81,User_402,2020-11-19 00:04:51,53,6
User_82,User_1101,2020-10-30 06:52:55,54,2
User_83,User_727,2021-05-05 09:46:16,81,3
User_84,User_1048,2021-01-14 22:32:54,43,1
User_85,User_564,2023-09-04 17:54:33,14,10
User_86,User_317,2022-08-27 02:28:41,55,5
User_87,User_500,2020-04-08 11:11:45,78,4
User_88,User_539,2023-11-05 15:05:07,9,6
User_89,User_282,2022-12-24 08:18:17,39,6
User_90,User_212,2022-05-02 06:00:38,24,5
User_91,User_294,2020-12-26 12:09:04,68,5
User_92,User_230,2024-01-25 19:41:47,32,4
User_93,User_912,2022-09-27 16:52:00,45,7
User_94,User_161,2020-04-12 09:16:17,64,7
User_95,User_846,2020-10-12 14:37:22,78,3
User_96,User_288,2024-03-02 22:26:08,87,3
User_97,User_104,2022-05-28 07:37:55,92,8
User_98,User_278,2023-11-23 02:50:27,65,5
User_99,User_566,2020-07-12 10:42:16,88,2
User_100,User_879,2022-04-21 12:05:27,71,5
User_101,User_174,2020-04-03 16:06:07,90,9
User_102,User_223,2021-09-15 17:58:52,91,6
User_103,User_231,2022-09-12 17:40:17,77,6
User_104,User_1169,2021-09-04 04:22:58,68,1
User_105,User_268,2020-06-22 21:35:56,87,10
User_106,User_1245,2020-03-10 06:56:57,37,3
User_107,User_622,2022-07-17 16:03:37,49,10
User_108,User_433,2022-12-29 21:46:02,11,9
User_109,User_728,2022-05-20 08:09:52,69,8
User_110,User_807,2021-07-28 11:04:20,3,2
User_111,User_753,2020-10-23 15:33:55,42,1
User_112,User_1195,2020-07-08 04:36:23,42,6
User_113,User_909,2020-09-28 04:05:45,82,7
User_114,User_91,2020-10-08 16:47:36,91,5
User_115,User_597,2020-12-31 19:58:01,68,1
User_116,User_1072,2023-11-26 21:48:00,30,5
User_117,User_242,2020-07-16 15:14:34,31,7
User_118,User_588,2022-12-10 08:14:21,28,2
User_119,User_2,2022-05-02 09:43:03,7,6
User_120,User_438,2023-09-05 11:28:21,1,1
User_121,User_471,2020-02-06 05:39:24,25,10
User_122,User_994,2023-02-09 09:00:46,68,5
User_123,User_1102,2020-03-09 22:10:28,57,8
User_124,User_1011,2022-04-13 14:38:03,3,7
User_125,User_33,2022-01-08 03:48:18,58,6
User_126,User_980,2020-02-06 22:28:09,22,4
User_127,User_172,2020-11-06 20:22:47,4,10
User_128,User_61,2020-08-14 07:41:49,63,8
User_129,User_461,2020-07-13 01:34:57,13,10
User_130,User_310,2022-11-08 06:48:59,63,6
User_131,User_1142,2020-04-23 18:09:27,48,9
User_132,User_495,2020-05-24 11:50:07,18,1
User_133,User_233,2020-04-18 13:45:15,90,7
User_134,User_1092,2020-12-05 03:15:17,6,2
User_135,User_471,2020-06-05 03:26:12,52,7
User_136,User_1101,2020-02-15 23:32:25,59,3
User_137,User_1037,2022-05-18 00:28:59,24,10
User_138,User_687,2022-07-13 15:04:55,13,1
User_139,User_483,2021-10-17 10:28:08,95,10
User_140,User_573,2023-03-24 11:05:02,47,4
User_141,User_668,2020-04-17 23:20:44,21,7
User_142,User_883,2020-05-08 17:30:19,66,6
User_143,User_150,2021-08-27 17:21:05,98,4
User_144,User_93,2023-04-23 13:23:39,19,5
User_145,User_1084,2021-06-05 16:48:01,10,6
User_146,User_553,2022-01-19 19:28:08,64,5
User_147,User_1126,2020-09-17 13:32:52,61,8
User_148,User_271,2022-01-03 02:22:41,76,4
User_149,User_883,2020-11-21 19:33:46,94,6
User_150,User_354,2023-10-26 09:24:10,9,3
User_151,User_1195,2022-06-13 07:50:08,39,8
User_152,User_1074,2022-09-25 13:26:52,50,6
User_153,User_161,2023-01-27 09:43:22,2,2
User_154,User_423,2024-03-13 13:00:35,1,6
User_155,User_579,2022-12-31 07:22:42,56,8
User_156,User_681,2021-04-19 03:00:56,88,7
User_157,User_22,2021-10-31 12:35:24,10,4
User_158,User_1181,2022-06-04 08:24:07,64,9
User_159,User_437,2023-03-19 12:52:45,65,1
User_160,User_288,2023-06-27 05:35:56,32,3
User_161,User_610,2020-07-11 11:10:21,7,8
User_162,User_236,2023-03-20 19:21:34,71,2
User_163,User_391,2022-05-21 07:59:28,7,2
User_164,User_800,2022-02-05 23:03:32,32,4
User_165,User_158,2021-09-24 20:02:56,100,6
User_166,User_1013,2022-06-30 13:01:30,93,9
User_167,User_515,2021-09-30 06:49:32,59,8
User_168,User_1248,2024-01-13 09:03:53,5,2
User_169,User_799,2022-06-25 12:08:59,64,2
User_170,User_1120,2023-10-12 06:28:49,91,9
User_171,User_818,2022-01-25 02:32:04,95,1
User_172,User_900,2021-12-18 13:38:44,43,2
User_173,User_989,2023-09-07 23:40:32,65,9
User_174,User_329,2023-08-17 14:55:50,75,4
User_175,User_298,2021-02-10 09:11:39,21,8
User_176,User_156,2023-10-13 10:55:22,50,1
User_177,User_1115,2020-07-02 06:02:48,68,2
User_178,User_117,2021-10-18 18:07:38,51,3
User_179,User_459,2022-11-11 16:00:33,85,2
User_180,User_914,2020-03-10 22:44:54,42,6
User_181,User_220,2020-08-06 19:00:50,88,1
User_182,User_815,2020-03-02 12:00:24,80,10
User_183,User_481,2024-03-07 03:08:59,94,3
User_184,User_1067,2022-10-18 21:08:31,91,8
User_185,User_771,2023-02-28 18:57:12,34,6
User_186,User_969,2022-09-12 19:11:37,89,5
User_187,User_76,2021-06-21 23:21:59,92,2
User_188,User_657,2021-08-26 18:51:44,85,8
User_189,User_51,2020-02-07 22:14:03,95,9
User_190,User_493,2022-07-15 20:47:14,24,3
User_191,User_597,2022-01-10 20:13:55,54,8
User_192,User_99,2021-02-24 10:53:26,42,9
User_193,User_423,2021-06-27 02:44:50,66,2
User_194,User_144,2023-02-06 14:37:39,22,6
User_195,User_1218,2021-06-26 23:54:55,42,10
User_196,User_189,2021-04-26 18:25:49,37,1
User_197,User_1179,2023-08-10 22:45:44,100,1
User_198,User_914,2022-07-12 03:20:39,4,1
User_199,User_514,2020-08-16 20:31:40,33,10
User_200,User_459,2020-07-14 04:37:40,66,10
User_201,User_871,2023-10-02 08:28:48,7,7
User_202,User_1034,2022-12-30 20:11:40,60,1
User_203,User_577,2020-07-05 11:09:22,49,1
User_204,User_981,2022-04-21 06:19:16,12,7
User_205,User_47,2023-01-11 11:58:37,59,3
User_206,User_1033,2022-03-07 23:14:08,30,3
User_207,User_951,2020-12-09 01:09:45,29,4
User_208,User_572,2022-04-14 19:18:52,96,2
User_209,User_356,2023-07-04 05:46:34,12,5
User_210,User_916,2021-05-13 09:15:01,12,3
User_211,User_666,2023-05-22 22:11:29,33,2
User_212,User_502,2020-07-28 23:54:00,53,2
User_213,User_349,2020-09-26 13:01:37,82,5
User_214,User_904,2021-10-01 09:48:55,29,8
User_215,User_115,2021-06-29 16:57:37,37,5
User_216,User_1109,2022-09-02 13:41:56,74,7
User_217,User_816,2022-10-12 21:22:26,51,6
User_218,User_61,2022-07-21 10:33:24,67,2
User_219,User_1149,2020-11-25 01:30:45,12,6
User_220,User_101,2022-03-09 14:40:23,80,5
User_221,User_720,2023-11-17 06:08:01,25,4
User_222,User_402,2021-01-10 19:52:09,22,2
User_223,User_1236,2023-12-12 13:04:35,30,2
User_224,User_576,2024-03-20 17:08:50,13,3
User_225,User_533,2023-12-31 17:34:38,69,9
User_226,User_652,2020-06-23 03:46:34,26,8
User_227,User_1195,2020-01-14 00:27:17,33,8
User_228,User_382,2022-12-19 04:59:42,87,9
User_229,User_390,2020-02-04 19:03:12,41,4
User_230,User_561,2021-11-08 17:36:14,50,7
User_231,User_36,2021-01-07 02:38:57,36,10
User_232,User_542,2023-09-01 17:45:28,32,2
User_233,User_992,2022-06-11 18:11:11,26,6
User_234,User_378,2023-04-28 03:44:05,1,7
User_235,User_623,2021-04-30 17:50:57,91,5
User_236,User_935,2023-10-27 11:27:09,57,6
User_237,User_823,2022-04-05 08:53:12,33,7
User_238,User_921,2022-06-11 08:15:19,65,1
User_239,User_640,2020-07-29 16:12:32,77,6
User_240,User_1091,2021-06-18 17:13:45,70,8
User_241,User_416,2020-12-12 14:07:53,83,4
User_242,User_1121,2020-01-18 09:04:32,67,6
User_243,User_1120,2021-02-23 20:14:08,72,6
User_244,User_321,2022-04-16 18:17:31,42,3
User_245,User_683,2022-10-18 02:55:53,8,7
User_246,User_924,2021-12-05 01:03:42,88,7
User_247,User_817,2021-07-16 21:43:55,17,3
User_248,User_153,2020-01-30 23:52:30,9,3
User_249,User_147,2023-06-14 19:20:53,57,7
User_250,User_18,2020-10-01 07:28:16,89,1
User_251,User_823,2022-01-29 11:34:39,83,4
User_252,User_645,2021-06-04 15:30:44,45,9
User_253,User_1141,2021-10-20 18:13:10,53,9
User_254,User_979,2020-09-19 08:38:51,95,8
User_255,User_367,2020-12-23 09:17:01,60,3
User_256,User_1077,2023-10-09 20:40:06,14,4
User_257,User_902,2022-12-10 23:18:29,14,5
User_258,User_786,2021-12-04 23:27:44,45,7
User_259,User_1140,2020-09-15 04:35:42,48,3
User_260,User_267,2020-04-05 08:02:31,49,2
User_261,User_348,2020-01-28 21:08:28,94,7
User_262,User_681,2023-05-03 21:45:33,6,9
User_263,User_971,2023-11-06 18:33:26,75,6
User_264,User_797,2020-05-04 08:23:16,30,9
User_265,User_773,2021-02-08 06:39:55,26,9
User_266,User_491,2024-03-05 05:47:37,16,9
User_267,User_545,2020-02-28 11:22:54,4,1
User_268,User_1204,2023-12-06 20:35:29,29,7
User_269,User_247,2020-01-06 07:09:26,88,9
User_270,User_383,2022-08-18 11:30:36,29,5
User_271,User_206,2024-03-21 20:42:59,88,10
User_272,User_1110,2023-08-12 01:05:52,27,10
User_273,User_701,2022-07-13 19:16:26,71,3
User_274,User_294,2022-03-03 03:32:02,37,1
User_275,User_460,2021-01-18 16:16:37,44,8
User_276,User_561,2024-04-13 16:09:40,38,3
User_277,User_428,2021-09-18 06:14:42,43,3
User_278,User_833,2023-10-17 05:28:27,62,10
User_279,User_740,2024-02-13 14:08:37,83,7
User_280,User_537,2024-02-18 09:35:15,58,10
User_281,User_417,2022-03-06 05:23:20,51,3
User_282,User_289,2022-08-21 03:51:04,16,4
User_283,User_929,2022-09-04 10:31:40,20,2
User_284,User_447,2023-08-11 17:42:18,51,8
User_285,User_1107,2023-10-17 19:19:32,87,8
User_286,User_221,2020-06-13 09:35:34,80,6
User_287,User_940,2020-08-25 06:00:16,60,6
User_288,User_125,2024-03-26 08:46:38,61,10
User_289,User_987,2023-03-18 15:41:45,11,8
User_290,User_498,2021-03-23 02:32:16,84,5
User_291,User_891,2021-03-10 17:57:28,39,5
User_292,User_550,2021-06-13 05:38:32,81,9
User_293,User_80,2021-06-27 13:56:23,1,5
User_294,User_891,2020-02-13 22:45:12,52,3
User_295,User_597,2021-06-29 15:29:53,69,10
User_296,User_1148,2022-07-19 13:00:04,79,5
User_297,User_1057,2021-06-05 14:07:36,38,5
User_298,User_1022,2023-08-24 05:17:10,92,10
User_299,User_794,2020-07-17 16:35:51,32,8
User_300,User_292,2020-10-25 22:46:18,18,1
User_301,User_1062,2020-05-07 15:08:54,30,2
User_302,User_425,2023-08-29 07:27:49,86,2
User_303,User_900,2022-05-11 18:20:19,47,9
User_304,User_973,2023-03-24 03:02:08,99,8
User_305,User_87,2020-01-20 16:22:52,35,2
User_306,User_1160,2021-07-29 00:18:05,43,2
User_307,User_814,2023-03-12 07:48:34,43,1
User_308,User_685,2020-09-29 11:58:01,58,5
User_309,User_336,2022-02-16 04:58:09,62,8
User_310,User_850,2022-10-31 11:13:52,24,10
User_311,User_118,2020-02-02 10:27:16,39,9
User_312,User_1151,2023-09-11 04:45:27,75,5
User_313,User_815,2020-09-21 23:59:53,60,1
User_314,User_1006,2020-01-09 06:53:20,67,9
User_315,User_89,2022-12-12 06:54:33,44,1
User_316,User_954,2020-09-09 17:57:17,74,1
User_317,User_770,2020-05-12 00:41:14,55,1
User_318,User_353,2022-10-19 07:33:54,10,1
User_319,User_893,2021-09-05 07:48:02,71,2
User_320,User_275,2021-01-06 21:31:44,82,2
User_321,User_504,2021-01-22 13:52:57,75,3
User_322,User_11,2021-08-24 08:36:23,24,1
User_323,User_777,2022-05-10 08:10:54,50,7
User_324,User_330,2021-01-01 05:19:20,45,7
User_325,User_13,2023-12-13 16:24:23,47,1
User_326,User_125,2020-12-14 17:34:14,51,1
User_327,User_604,2021-06-02 18:06:32,36,9
User_328,User_346,2023-02-03 13:35:26,42,2
User_329,User_378,2020-08-10 22:33:49,44,6
User_330,User_1121,2020-12-14 12:48:17,57,7
User_331,User_236,2020-10-16 00:05:33,32,5
User_332,User_672,2021-06-30 10:34:08,80,6
User_333,User_1139,2023-08-05 22:58:56,77,6
User_334,User_1009,2020-10-31 16:26:08,68,4
User_335,User_347,2021-09-06 11:04:48,100,3
User_336,User_643,2023-08-15 03:21:14,10,4
User_337,User_409,2022-11-19 20:49:03,69,6
User_338,User_168,2023-10-18 02:13:27,73,6
User_339,User_927,2023-12-10 05:22:29,11,2
User_340,User_573,2020-08-27 01:23:17,23,5
User_341,User_395,2023-07-05 02:47:03,100,2
User_342,User_1003,2020-03-01 02:19:40,9,2
User_343,User_979,2020-02-01 15:11:47,26,2
User_344,User_860,2020-12-01 08:50:19,90,8
User_345,User_605,2020-08-14 15:21:43,86,10
User_346,User_825,2023-04-19 00:54:28,72,8
User_347,User_1040,2023-11-27 22:40:03,83,1
User_348,User_614,2021-04-12 05:57:28,16,3
User_349,User_1096,2022-03-25 07:23:19,40,9
User_350,User_901,2020-07-23 16:17:59,83,1
User_351,User_417,2023-05-12 16:30:17,19,9
User_352,User_29,2024-03-07 15:27:23,10,6
User_353,User_1235,2021-09-04 08:45:20,98,4
User_354,User_1161,2023-07-27 16:57:37,81,6
User_355,User_624,2023-08-25 14:17:29,10,6
User_356,User_60,2021-04-29 22:58:55,33,2
User_357,User_167,2023-11-10 03:51:38,66,7
User_358,User_604,2021-05-24 05:54:42,35,1
User_359,User_302,2021-06-25 19:42:43,71,10
User_360,User_850,2021-02-10 09:28:26,65,6
User_361,User_638,2022-01-08 02:41:34,68,3
User_362,User_452,2021-11-03 10:49:45,74,4
User_363,User_1173,2021-07-11 23:40:27,77,1
User_364,User_523,2023-08-19 05:53:00,23,1
User_365,User_111,2023-06-19 02:29:10,2,8
User_366,User_782,2021-01-25 03:57:35,74,1
User_367,User_809,2022-03-17 23:14:06,11,6
User_368,User_369,2020-09-07 22:22:11,77,4
User_369,User_246,2020-02-11 06:23:10,61,5
User_370,User_147,2021-06-02 04:04:18,49,5
User_371,User_1056,2021-10-03 22:48:32,22,2
User_372,User_747,2023-12-14 18:50:50,71,1
User_373,User_174,2021-07-31 05:45:01,23,2
User_374,User_666,2021-06-01 17:22:39,38,10
User_375,User_852,2022-02-26 07:05:45,82,9
User_376,User_487,2021-03-28 01:19:39,75,4
User_377,User_171,2021-03-05 13:24:17,68,8
User_378,User_350,2023-02-23 16:33:16,78,7
User_379,User_201,2023-04-16 18:09:34,30,10
User_380,User_152,2023-08-20 18:16:36,39,1
User_381,User_566,2020-02-20 12:50:40,56,3
User_382,User_1138,2020-12-14 19:30:28,40,4
User_383,User_928,2023-10-28 00:54:30,28,6
User_384,User_1030,2021-02-14 08:33:21,56,1
User_385,User_132,2020-10-16 22:21:06,32,10
User_386,User_353,2021-04-22 09:50:11,53,2
User_387,User_560,2022-11-22 06:13:20,40,3
User_388,User_596,2023-06-28 09:09:35,96,2
User_389,User_212,2022-12-06 05:54:20,33,2
User_390,User_839,2022-02-14 18:49:22,19,5
User_391,User_464,2023-09-11 23:24:56,95,1
User_392,User_726,2022-09-14 16:51:50,78,3
User_393,User_309,2021-01-29 00:28:53,30,8
User_394,User_534,2021-11-12 02:47:16,88,2
User_395,User_1027,2021-03-24 22:20:09,99,8
User_396,User_218,2021-10-16 08:01:44,13,10
User_397,User_619,2020-05-11 10:49:24,10,3
User_398,User_547,2022-06-24 03:13:16,73,10
User_399,User_170,2020-05-05 22:01:46,66,4
User_400,User_587,2021-09-26 11:55:12,79,8
User_401,User_512,2021-05-17 19:01:06,54,3
User_402,User_276,2021-12-25 04:44:13,28,2
User_403,User_504,2023-04-16 09:30:38,88,3
User_404,User_707,2023-09-04 03:17:53,22,9
User_405,User_949,2020-09-12 22:50:03,83,10
User_406,User_1188,2022-10-30 17:47:02,67,4
User_407,User_849,2022-04-13 13:03:07,41,2
User_408,User_863,2023-09-30 12:09:28,100,7
User_409,User_878,2024-03-25 10:47:51,31,5
User_410,User_911,2020-03-04 05:46:35,64,3
User_411,User_819,2021-01-16 23:15:33,86,7
User_412,User_1226,2022-02-24 23:23:01,82,4
User_413,User_834,2021-03-04 20:18:42,48,6
User_414,User_994,2022-03-10 08:24:26,13,10
User_415,User_19,2024-01-15 19:20:22,92,8
User_416,User_1044,2020-09-22 06:13:02,15,4
User_417,User_999,2021-08-05 15:42:55,55,2
User_418,User_1145,2021-12-25 06:00:30,69,7
User_419,User_973,2021-08-07 21:50:15,27,6
User_420,User_566,2023-09-09 10:18:44,74,10
User_421,User_268,2022-03-22 11:25:19,86,9
User_422,User_841,2023-06-22 00:16:32,22,6
User_423,User_1009,2020-03-03 17:23:58,69,1
User_424,User_1028,2020-02-28 18:33:30,75,3
User_425,User_800,2020-04-27 13:41:24,92,9
User_426,User_56,2021-10-25 16:43:52,25,9
User_427,User_644,2020-02-26 04:04:40,45,10
User_428,User_367,2020-10-30 03:22:19,72,4
User_429,User_541,2023-12-27 12:57:48,71,8
User_430,User_987,2020-03-24 12:40:31,67,2
User_431,User_716,2023-03-16 06:52:52,99,2
User_432,User_381,2021-10-04 05:48:48,61,9
User_433,User_1174,2023-04-05 12:30:37,37,8
User_434,User_1074,2020-01-02 23:30:45,95,5
User_435,User_378,2022-04-15 12:46:43,49,7
User_436,User_1157,2020-07-18 07:04:55,98,3
User_437,User_814,2020-06-23 09:08:54,7,5
User_438,User_454,2022-07-29 12:00:16,12,10
User_439,User_1072,2022-03-26 18:42:46,86,4
User_440,User_502,2020-07-07 17:56:38,67,1
User_441,User_71,2022-01-13 06:41:13,87,4
User_442,User_228,2020-06-28 13:49:59,26,6
User_443,User_863,2021-10-16 19:22:09,85,3
User_444,User_465,2022-10-29 21:10:18,31,9
User_445,User_780,2024-03-18 07:23:54,62,7
User_446,User_1213,2022-04-14 05:04:24,85,8
User_447,User_200,2022-09-01 09:13:05,3,8
User_448,User_1011,2024-01-21 15:15:46,57,1
User_449,User_548,2021-01-01 21:48:38,79,6
User_450,User_659,2024-04-06 06:26:45,50,6
User_451,User_126,2023-12-30 09:05:59,27,2
User_452,User_259,2023-01-07 13:06:20,50,5
User_453,User_796,2022-06-28 03:46:57,20,4
User_454,User_624,2020-05-25 06:38:53,71,10
User_455,User_772,2021-02-13 03:37:33,25,4
User_456,User_827,2021-07-11 09:04:34,82,8
User_457,User_280,2023-06-20 10:16:03,64,2
User_458,User_597,2022-05-16 16:23:20,11,6
User_459,User_226,2020-12-27 22:45:20,35,7
User_460,User_332,2021-02-13 21:14:35,61,7
User_461,User_619,2022-11-09 00:59:00,63,2
User_462,User_292,2021-09-20 02:55:39,42,3
User_463,User_597,2020-08-19 14:45:31,32,5
User_464,User_336,2022-03-12 09:01:09,8,8
User_465,User_467,2022-04-07 15:40:08,39,7
User_466,User_1144,2021-12-03 19:28:53,43,3
User_467,User_444,2021-04-10 12:22:24,29,1
User_468,User_410,2021-06-30 05:12:15,1,2
User_469,User_142,2023-02-06 01:24:07,89,10
User_470,User_745,2021-06-24 19:34:07,17,5
User_471,User_132,2020-09-11 09:29:00,64,4
User_472,User_340,2020-02-18 05:08:09,26,8
User_473,User_1124,2021-12-08 05:47:09,91,8
User_474,User_1172,2023-09-09 10:05:29,1,10
User_475,User_513,2022-07-21 14:59:01,89,1
User_476,User_1243,2022-12-18 03:43:25,50,3
User_477,User_552,2020-03-17 21:08:46,57,5
User_478,User_605,2022-10-25 20:10:36,4,2
User_479,User_1047,2021-06-12 11:28:12,48,3
User_480,User_462,2020-07-28 07:48:33,71,5
User_481,User_390,2023-09-01 06:49:05,21,4
User_482,User_376,2022-11-19 12:08:00,100,7
User_483,User_197,2020-03-18 21:04:36,16,2
User_484,User_900,2021-12-07 12:22:10,65,6
User_485,User_1032,2020-10-08 00:55:05,73,1
User_486,User_135,2021-01-10 22:28:23,96,7
User_487,User_424,2021-05-07 02:46:15,29,8
User_488,User_656,2021-11-27 05:49:45,51,6
User_489,User_265,2021-06-23 10:06:05,2,4
User_490,User_1139,2024-02-06 13:22:43,40,2
User_491,User_604,2023-12-11 10:09:20,7,6
User_492,User_560,2020-01-31 00:50:01,66,7
User_493,User_1088,2022-09-27 21:29:35,40,3
User_494,User_125,2023-06-16 18:33:38,67,3
User_495,User_1184,2023-05-20 17:32:38,20,5
User_496,User_1200,2022-01-31 19:52:31,24,3
User_497,User_956,2020-12-22 04:13:07,30,1
User_498,User_302,2022-05-19 23:13:55,25,3
User_499,User_1234,2023-09-16 03:22:21,42,8
User_500,User_1163,2023-04-07 12:15:16,33,4
User_501,User_139,2020-06-30 14:34:57,5,10
User_502,User_866,2022-08-13 12:13:55,81,4
User_503,User_258,2023-01-24 18:47:34,37,6
User_504,User_356,2021-03-23 05:30:43,95,2
User_505,User_1171,2023-07-09 01:11:40,75,9
User_506,User_551,2023-12-29 08:19:26,6,7
User_507,User_502,2023-12-02 23:46:04,23,3
User_508,User_441,2022-06-09 00:05:13,65,9
User_509,User_435,2024-02-05 12:52:41,61,8
User_510,User_582,2021-08-13 17:57:22,73,8
User_511,User_1109,2021-08-10 12:00:53,88,5
User_512,User_207,2020-05-31 21:26:00,14,6
User_513,User_1115,2020-07-25 12:34:55,77,3
User_514,User_948,2020-07-02 04:02:36,26,3
User_515,User_932,2021-07-15 05:00:02,73,3
User_516,User_571,2022-06-24 08:02:42,74,9
User_517,User_138,2022-03-16 23:12:26,56,2
User_518,User_985,2021-01-23 02:52:40,92,3
User_519,User_848,2023-02-07 07:15:32,46,8
User_520,User_1176,2020-03-13 14:48:44,73,1
User_521,User_1228,2021-01-30 14:46:56,19,8
User_522,User_402,2021-06-21 16:33:51,93,5
User_523,User_1188,2024-03-22 21:43:19,8,9
User_524,User_1099,2020-04-28 11:31:09,13,8
User_525,User_371,2023-03-16 14:39:33,15,1
User_526,User_555,2022-10-10 04:54:58,69,4
User_527,User_215,2023-05-04 16:55:18,63,1
User_528,User_859,2022-07-04 09:07:31,79,9
User_529,User_465,2021-06-09 02:40:54,46,5
User_530,User_499,2022-06-10 13:16:11,24,2
User_531,User_358,2021-02-10 16:47:05,25,2
User_532,User_174,2022-07-09 14:40:52,66,10
User_533,User_719,2022-10-29 00:05:09,57,5
User_534,User_552,2021-03-04 06:50:15,6,7
User_535,User_454,2020-12-06 13:18:11,48,4
User_536,User_373,2022-07-11 15:35:08,53,4
User_537,User_545,2022-01-25 05:32:02,7,7
User_538,User_1029,2020-01-10 15:17:58,92,9
User_539,User_966,2020-06-05 21:00:24,59,2
User_540,User_1129,2022-08-18 05:47:03,56,5
User_541,User_0,2022-12-19 14:16:12,82,8
User_542,User_995,2020-12-26 01:24:53,99,4
User_543,User_955,2020-02-23 01:08:13,65,1
User_544,User_377,2020-09-17 17:19:18,46,6
User_545,User_956,2021-04-02 11:14:01,15,10
User_546,User_1024,2023-09-09 00:20:07,27,4
User_547,User_249,2023-04-02 18:20:20,71,7
User_548,User_906,2020-09-23 07:56:07,35,4
User_549,User_13,2023-02-21 22:44:07,76,3
User_550,User_1179,2021-07-26 00:08:35,88,9
User_551,User_895,2024-01-09 05:47:23,75,7
User_552,User_1168,2021-10-05 09:33:28,7,5
User_553,User_830,2023-03-19 05:39:01,33,8
User_554,User_515,2023-10-31 09:00:31,56,8
User_555,User_42,2022-03-02 03:06:28,26,3
User_556,User_711,2023-08-21 20:48:54,18,8
User_557,User_342,2022-07-30 07:47:13,76,3
User_558,User_880,2023-04-17 05:20:42,40,6
User_559,User_250,2022-07-20 10:46:50,52,7
User_560,User_291,2023-03-06 17:30:23,14,5
User_561,User_971,2024-04-09 05:36:26,81,8
User_562,User_1140,2023-07-21 00:40:57,85,5
User_563,User_2,2024-01-29 17:08:11,43,2
User_564,User_364,2022-02-13 20:01:34,68,1
User_565,User_819,2023-05-25 23:59:50,67,10
User_566,User_1229,2020-05-17 05:41:46,54,10
User_567,User_73,2020-04-30 23:06:10,44,6
User_568,User_249,2020-03-01 19:09:47,100,7
User_569,User_262,2021-09-01 20:05:21,77,4
User_570,User_25,2023-09-29 21:28:50,17,10
User_571,User_318,2022-08-17 12:08:19,85,10
User_572,User_1235,2023-07-24 17:09:26,40,7
User_573,User_681,2022-10-16 13:42:14,55,7
User_574,User_1093,2023-06-03 09:43:50,71,7
User_575,User_902,2022-09-26 02:34:01,78,2
User_576,User_840,2020-09-05 18:23:48,23,4
User_577,User_477,2023-11-21 06:06:44,4,6
User_578,User_1211,2020-10-05 06:31:54,53,4
User_579,User_1028,2021-12-10 21:07:01,3,1
User_580,User_915,2022-10-23 07:03:06,98,1
User_581,User_322,2020-02-22 07:40:34,61,8
User_582,User_1170,2024-03-16 18:08:55,16,10
User_583,User_128,2023-06-12 09:21:51,68,9
User_584,User_884,2023-07-09 14:42:13,83,6
User_585,User_1230,2023-03-18 01:19:32,56,7
User_586,User_608,2020-06-03 07:08:50,17,3
User_587,User_434,2022-12-23 12:06:53,83,9
User_588,User_960,2024-04-08 16:53:30,72,8
User_589,User_21,2020-12-06 21:45:36,80,7
User_590,User_775,2023-10-09 06:50:44,68,4
User_591,User_932,2022-05-23 17:13:09,19,9
User_592,User_745,2022-07-17 05:39:04,79,3
User_593,User_1157,2021-08-24 14:12:05,42,9
User_594,User_813,2023-03-13 11:09:29,10,4
User_595,User_1147,2021-06-08 18:23:57,16,6
User_596,User_290,2023-09-28 07:34:46,50,1
User_597,User_455,2021-04-01 20:04:49,22,4
User_598,User_232,2023-01-07 08:12:20,50,6
User_599,User_256,2023-07-27 07:15:41,16,4
User_600,User_1236,2021-02-13 21:12:00,96,4
User_601,User_220,2022-02-16 01:25:17,76,9
User_602,User_85,2021-01-10 23:33:40,34,7
User_603,User_1064,2020-05-20 03:51:55,24,7
User_604,User_489,2022-11-14 20:49:32,38,4
User_605,User_956,2022-05-24 03:50:04,11,7
User_606,User_426,2023-02-13 00:06:10,73,8
User_607,User_113,2021-05-26 05:04:50,48,8
User_608,User_319,2021-04-01 02:46:57,32,4
User_609,User_521,2021-04-06 04:07:33,5,6
User_610,User_195,2020-06-07 08:12:01,88,8
User_611,User_999,2021-08-27 18:23:22,30,4
User_612,User_1245,2022-08-10 15:29:15,58,5
User_613,User_794,2020-05-27 08:58:48,30,5
User_614,User_826,2022-07-09 21:44:45,24,2
User_615,User_336,2020-04-25 10:49:34,58,8
User_616,User_919,2023-02-13 07:59:02,34,7
User_617,User_914,2020-03-29 10:07:32,46,7
User_618,User_939,2023-12-15 20:41:01,45,9
User_619,User_423,2023-07-24 07:09:22,37,9
User_620,User_92,2023-12-11 00:20:56,55,9
User_621,User_245,2021-05-11 21:31:00,87,9
User_622,User_750,2021-06-27 16:50:45,99,9
User_623,User_952,2022-06-09 05:41:29,57,3
User_624,User_1173,2023-02-14 15:40:22,99,2
User_625,User_854,2020-02-22 23:10:00,1,5
User_626,User_616,2021-04-09 05:58:29,78,9
User_627,User_1014,2023-02-06 03:25:11,40,3
User_628,User_75,2023-07-08 17:55:32,7,8
User_629,User_1195,2023-08-12 09:20:27,2,4
User_630,User_705,2021-07-04 04:16:31,37,5
User_631,User_1070,2024-02-08 08:14:58,100,3
User_632,User_262,2022-09-26 05:26:04,95,3
User_633,User_909,2022-08-13 18:51:29,40,7
User_634,User_629,2022-10-01 21:06:17,28,9
User_635,User_580,2020-02-28 17:45:39,99,5
User_636,User_171,2021-06-12 17:51:42,58,5
User_637,User_1060,2023-11-04 12:09:03,96,9
User_638,User_179,2021-11-11 11:07:57,100,2
User_639,User_609,2021-06-25 23:53:13,54,10
User_640,User_781,2022-11-29 21:11:37,46,3
User_641,User_808,2022-07-01 22:17:58,15,9
User_642,User_981,2021-01-20 14:22:19,63,8
User_643,User_856,2023-04-18 22:04:45,59,1
User_644,User_1046,2020-12-04 14:45:29,66,2
User_645,User_1177,2023-12-30 09:45:50,22,2
User_646,User_1009,2022-08-29 06:43:04,91,7
User_647,User_691,2020-08-27 17:19:41,90,5
User_648,User_535,2022-03-26 17:21:59,34,9
User_649,User_24,2023-07-28 15:44:54,64,8
User_650,User_648,2024-01-03 01:34:30,96,9
User_651,User_471,2022-02-28 04:33:17,6,1
User_652,User_775,2021-07-08 16:36:51,56,3
User_653,User_365,2022-04-06 07:45:20,98,10
User_654,User_687,2021-08-19 04:42:36,69,2
User_655,User_920,2022-10-13 18:13:25,47,7
User_656,User_352,2023-08-12 18:49:17,32,5
User_657,User_378,2022-06-12 17:15:03,46,4
User_658,User_801,2021-03-25 18:40:49,17,6
User_659,User_253,2023-11-09 23:10:07,44,1
User_660,User_41,2024-02-19 03:59:31,24,7
User_661,User_449,2022-07-30 23:28:33,68,2
User_662,User_912,2021-12-19 09:13:56,8,1
User_663,User_1212,2023-04-24 04:33:15,18,10
User_664,User_295,2020-09-14 16:47:00,54,8
User_665,User_241,2023-04-19 00:03:24,63,7
User_666,User_268,2023-03-23 22:37:27,90,8
User_667,User_159,2020-07-16 05:09:02,85,10
User_668,User_19,2022-06-01 00:23:50,24,2
User_669,User_849,2020-11-23 17:14:42,32,6
User_670,User_294,2023-08-04 18:07:46,26,10
User_671,User_390,2022-01-04 08:54:00,61,9
User_672,User_762,2020-08-08 17:21:31,59,4
User_673,User_880,2020-07-06 23:56:21,40,5
User_674,User_1010,2022-12-30 21:47:45,15,2
User_675,User_1198,2020-12-16 10:15:01,53,2
User_676,User_849,2023-12-22 13:49:12,59,3
User_677,User_950,2024-03-06 23:24:22,21,4
User_678,User_432,2020-01-05 10:56:24,63,1
User_679,User_302,2021-04-26 16:09:06,36,9
User_680,User_705,2021-03-14 11:14:04,56,4
User_681,User_779,2023-06-08 06:44:27,70,10
User_682,User_1059,2023-08-16 12:49:49,84,8
User_683,User_1176,2020-01-27 10:29:43,29,9
User_684,User_1247,2022-12-01 06:29:33,85,7
User_685,User_537,2022-10-14 01:20:53,85,4
User_686,User_1075,2020-05-30 15:19:23,71,8
User_687,User_387,2021-01-10 08:48:52,85,1
User_688,User_1037,2021-10-17 23:46:04,54,8
User_689,User_971,2020-02-08 10:06:44,25,2
User_690,User_1130,2023-09-01 06:21:32,17,2
User_691,User_1129,2022-09-05 20:30:15,64,1
User_692,User_713,2021-05-05 15:52:29,98,6
User_693,User_620,2022-11-08 09:01:12,90,7
User_694,User_807,2023-12-04 00:53:15,19,2
User_695,User_334,2022-05-11 03:51:37,16,9
User_696,User_303,2020-09-06 00:09:44,68,10
User_697,User_309,2023-05-23 23:26:24,53,1
User_698,User_748,2020-08-07 01:00:06,77,3
User_699,User_1231,2020-06-17 02:42:21,29,2
User_700,User_139,2022-12-05 12:20:12,99,7
User_701,User_355,2023-05-03 22:53:16,47,5
User_702,User_282,2021-06-13 13:51:32,27,7
User_703,User_386,2020-08-21 18:50:00,49,10
User_704,User_97,2020-08-28 12:44:09,40,5
User_705,User_268,2022-12-10 20:43:44,85,9
User_706,User_900,2022-05-30 02:21:42,62,8
User_707,User_551,2022-10-05 10:13:13,86,9
User_708,User_916,2020-11-14 09:09:48,98,8
User_709,User_20,2021-08-09 19:49:36,34,3
User_710,User_723,2020-01-25 07:56:38,76,1
User_711,User_9,2022-05-08 12:41:25,69,9
User_712,User_237,2020-02-22 16:46:22,39,1
User_713,User_136,2020-06-16 10:37:57,49,2
User_714,User_1183,2022-08-06 00:37:42,81,3
User_715,User_121,2020-07-21 11:10:43,38,7
User_716,User_333,2020-04-03 07:48:35,66,4
User_717,User_483,2020-01-07 05:12:52,63,1
User_718,User_330,2021-03-07 19:36:40,40,6
User_719,User_287,2020-01-05 19:37:49,57,8
User_720,User_1057,2020-04-10 21:23:06,44,9
User_721,User_773,2020-10-13 13:35:24,11,9
User_722,User_677,2023-10-21 00:23:00,64,7
User_723,User_816,2022-03-29 11:45:40,16,8
User_724,User_117,2021-01-30 03:20:12,95,8
User_725,User_162,2023-05-25 19:41:49,63,9
User_726,User_370,2022-02-21 01:45:42,55,2
User_727,User_1092,2020-09-09 07:11:13,96,9
User_728,User_423,2021-01-14 11:29:13,15,10
User_729,User_335,2022-04-22 15:36:53,48,6
User_730,User_502,2023-02-16 10:05:31,52,7
User_731,User_973,2020-07-25 16:08:26,81,1
User_732,User_201,2022-03-23 20:51:21,93,3
User_733,User_928,2023-03-08 20:13:53,96,4
User_734,User_43,2021-06-11 17:21:58,46,10
User_735,User_143,2021-12-24 16:02:35,82,2
User_736,User_895,2020-09-11 00:38:21,6,7
User_737,User_1108,2021-02-15 11:34:51,26,3
User_738,User_696,2023-06-12 08:40:12,4,7
User_739,User_940,2021-07-05 20:28:20,99,6
User_740,User_695,2022-10-18 04:55:40,62,1
User_741,User_709,2022-09-15 20:55:41,70,3
User_742,User_377,2023-03-21 21:24:43,27,10
User_743,User_1081,2023-12-10 16:07:34,1,5
User_744,User_338,2023-07-25 03:21:44,49,2
User_745,User_333,2022-05-30 19:38:34,44,7
User_746,User_392,2022-10-06 23:30:29,30,4
User_747,User_411,2023-12-11 23:00:43,70,3
User_748,User_882,2020-05-02 01:08:26,2,6
User_749,User_436,2023-01-07 14:37:56,6,7
User_750,User_807,2022-09-18 15:15:43,75,4
User_751,User_816,2020-07-10 16:57:16,40,9
User_752,User_178,2021-11-27 04:45:11,58,9
User_753,User_384,2021-01-12 12:29:21,80,8
User_754,User_767,2021-11-05 00:38:51,41,4
User_755,User_808,2021-10-12 06:37:12,35,4
User_756,User_254,2021-08-29 14:32:19,6,2
User_757,User_1129,2023-06-12 02:49:20,96,5
User_758,User_535,2021-06-18 17:36:54,2,2
User_759,User_460,2021-09-21 21:06:37,15,6
User_760,User_144,2023-07-16 19:13:06,45,7
User_761,User_374,2024-03-13 03:55:56,41,5
User_762,User_596,2021-03-18 06:45:04,38,10
User_763,User_400,2023-01-13 04:26:06,30,6
User_764,User_923,2023-03-16 05:30:16,91,5
User_765,User_156,2020-05-14 10:57:16,20,6
User_766,User_287,2023-12-28 17:27:36,10,6
User_767,User_507,2022-03-02 19:29:02,63,9
User_768,User_531,2023-02-06 04:17:45,78,2
User_769,User_1065,2021-07-23 21:15:05,74,3
User_770,User_192,2020-03-30 03:34:42,29,8
User_771,User_228,2020-02-23 09:53:28,29,5
User_772,User_957,2022-08-05 17:28:03,27,1
User_773,User_786,2023-10-20 19:19:33,43,4
User_774,User_369,2023-06-22 09:42:10,73,4
User_775,User_3,2021-07-05 02:12:46,32,7
User_776,User_535,2022-05-15 23:05:41,83,3
User_777,User_165,2023-01-07 09:27:58,25,2
User_778,User_964,2021-03-23 05:56:13,7,9
User_779,User_834,2020-08-26 00:49:04,5,8
User_780,User_10,2022-06-21 12:10:07,95,3
User_781,User_603,2023-07-11 20:34:31,24,10
User_782,User_1130,2020-11-06 10:23:49,55,6
User_783,User_59,2021-04-02 17:23:23,46,5
User_784,User_568,2021-07-29 19:23:45,29,2
User_785,User_512,2023-04-07 07:48:59,94,7
User_786,User_15,2024-01-03 22:34:01,83,6
User_787,User_1091,2023-07-19 19:35:17,9,10
User_788,User_440,2023-10-18 13:33:18,47,9
User_789,User_873,2024-03-10 05:34:02,75,7
User_790,User_249,2020-02-15 03:12:34,85,6
User_791,User_104,2023-06-03 14:53:32,44,8
User_792,User_471,2020-03-11 23:33:47,7,8
User_793,User_89,2021-06-03 00:08:02,1,4
User_794,User_322,2022-11-22 11:50:55,15,7
User_795,User_406,2022-02-07 12:16:36,68,9
User_796,User_826,2023-11-27 22:12:02,7,5
User_797,User_506,2023-08-22 12:41:19,87,4
User_798,User_753,2020-11-15 18:59:45,85,6
User_799,User_677,2022-12-18 10:39:29,15,4
User_800,User_418,2022-03-08 23:24:36,29,5
User_801,User_77,2023-11-16 19:24:52,22,4
User_802,User_829,2021-03-05 21:31:15,81,9
User_803,User_1023,2022-07-05 01:07:04,29,6
User_804,User_53,2022-01-31 16:43:12,50,3
User_805,User_1213,2023-05-02 11:08:40,81,7
User_806,User_515,2023-03-18 10:19:49,72,4
User_807,User_277,2020-07-19 23:04:19,88,5
User_808,User_152,2024-01-07 03:06:46,1,7
User_809,User_925,2024-04-07 21:45:12,5,10
User_810,User_757,2022-03-27 18:12:16,27,10
User_811,User_416,2023-10-10 09:24:15,64,10
User_812,User_409,2021-03-19 01:19:04,90,2
User_813,User_535,2021-06-10 17:58:28,15,7
User_814,User_790,2020-05-27 13:28:55,77,5
User_815,User_602,2020-05-07 20:35:10,42,6
User_816,User_1143,2020-06-15 11:44:55,3,7
User_817,User_215,2023-03-18 06:45:23,50,10
User_818,User_30,2023-02-27 04:52:43,70,2
User_819,User_123,2020-04-30 01:37:27,44,3
User_820,User_534,2023-09-26 09:12:51,90,2
User_821,User_929,2023-11-30 14:42:18,22,3
User_822,User_1197,2020-08-02 12:45:25,19,3
User_823,User_431,2021-07-04 12:10:29,41,10
User_824,User_185,2021-03-29 15:13:25,14,4
User_825,User_972,2022-07-22 14:10:37,8,1
User_826,User_1009,2023-03-22 18:05:40,69,5
User_827,User_1118,2024-01-27 09:07:25,21,3
User_828,User_198,2023-01-11 09:10:07,9,9
User_829,User_244,2022-05-27 05:25:21,56,5
User_830,User_387,2021-04-14 19:57:43,95,4
User_831,User_1196,2020-12-26 09:48:11,95,1
User_832,User_772,2020-02-22 13:46:44,46,9
User_833,User_1190,2023-11-30 08:16:33,72,8
User_834,User_1085,2022-06-10 07:13:24,93,10
User_835,User_694,2021-04-29 01:33:53,100,9
User_836,User_1222,2022-09-09 18:51:57,99,7
User_837,User_443,2022-02-19 10:26:00,62,1
User_838,User_115,2021-06-17 02:44:33,17,1
User_839,User_186,2023-04-28 09:51:24,64,5
User_840,User_599,2023-10-04 23:50:42,1,10
User_841,User_682,2020-12-25 18:00:03,2,9
User_842,User_725,2021-08-25 09:09:35,11,9
User_843,User_1171,2022-07-01 13:18:24,92,5
User_844,User_215,2021-03-23 01:53:14,2,10
User_845,User_123,2023-06-25 20:08:25,34,7
User_846,User_1041,2020-05-03 13:57:26,9,8
User_847,User_441,2020-02-25 19:46:37,75,4
User_848,User_872,2021-08-14 16:00:20,51,6
User_849,User_194,2022-05-09 16:15:01,26,1
User_850,User_645,2022-11-22 08:33:58,40,6
User_851,User_277,2020-01-28 22:55:28,25,4
User_852,User_187,2022-07-03 03:34:38,63,10
User_853,User_605,2020-09-20 13:08:15,93,3
User_854,User_956,2023-02-01 21:12:39,84,9
User_855,User_39,2023-08-28 14:49:49,86,2
User_856,User_1180,2020-02-23 04:03:33,25,10
User_857,User_477,2020-05-14 15:57:45,99,8
User_858,User_1005,2022-03-22 10:11:19,64,1
User_859,User_579,2023-07-25 21:04:44,63,7
User_860,User_169,2022-01-08 03:22:15,52,2
User_861,User_1210,2023-08-01 16:33:11,9,5
User_862,User_639,2021-01-07 03:41:17,37,1
User_863,User_155,2023-04-04 09:24:05,39,6
User_864,User_988,2024-03-07 16:52:05,12,4
User_865,User_818,2023-04-09 04:06:56,17,4
User_866,User_73,2022-01-19 05:28:09,97,10
User_867,User_290,2023-11-12 16:40:16,99,4
User_868,User_1169,2022-11-03 02:04:26,23,10
User_869,User_1001,2022-11-30 15:38:42,42,10
User_870,User_433,2022-08-02 17:53:39,88,9
User_871,User_728,2022-04-17 20:53:46,71,6
User_872,User_704,2022-01-30 07:32:20,8,3
User_873,User_777,2023-03-27 15:15:45,52,4
User_874,User_1127,2021-03-26 00:31:08,66,7
User_875,User_1129,2020-12-03 00:10:08,55,1
User_876,User_749,2020-05-06 15:20:24,19,8
User_877,User_292,2021-03-02 07:34:59,28,4
User_878,User_308,2021-12-20 13:58:28,98,6
User_879,User_695,2023-08-15 05:20:03,94,1
User_880,User_16,2022-12-02 11:45:14,24,4
User_881,User_1231,2021-01-08 23:09:13,17,1
User_882,User_928,2021-11-22 08:32:05,15,5
User_883,User_255,2023-09-21 13:47:35,10,6
User_884,User_854,2023-09-24 13:39:40,12,10
User_885,User_581,2022-11-24 10:59:55,100,3
User_886,User_349,2021-03-10 11:36:09,31,9
User_887,User_326,2023-06-26 04:02:48,27,2
User_888,User_115,2021-09-26 16:11:52,75,5
User_889,User_447,2021-12-11 14:05:56,11,4
User_890,User_585,2022-12-20 11:31:57,55,10
User_891,User_323,2020-02-14 14:19:23,41,9
User_892,User_646,2023-05-03 01:56:23,74,8
User_893,User_685,2021-03-02 06:39:03,78,9
User_894,User_1227,2023-05-29 04:20:52,60,7
User_895,User_593,2021-05-17 08:10:28,30,5
User_896,User_582,2021-05-18 01:46:22,3,8
User_897,User_1179,2022-06-22 03:05:12,46,3
User_898,User_1167,2022-11-24 07:27:57,15,9
User_899,User_540,2022-02-06 09:14:26,43,1
User_900,User_582,2024-03-05 23:49:07,5,6
User_901,User_544,2022-12-27 00:58:04,79,5
User_902,User_950,2023-05-22 18:32:32,8,3
User_903,User_466,2022-05-01 23:19:56,32,5
User_904,User_117,2021-10-29 03:49:24,46,5
User_905,User_270,2021-09-25 21:09:37,81,4
User_906,User_603,2020-03-29 14:52:24,47,8
User_907,User_644,2021-03-26 00:15:40,69,10
User_908,User_177,2020-11-11 01:31:35,97,8
User_909,User_388,2022-08-01 23:12:59,11,3
User_910,User_2,2021-06-04 18:10:13,51,1
User_911,User_31,2022-01-22 17:22:48,9,9
User_912,User_166,2024-02-29 19:00:23,34,3
User_913,User_674,2020-07-27 01:00:51,75,4
User_914,User_39,2020-07-05 17:55:28,41,10
User_915,User_917,2023-10-03 05:03:56,1,10
User_916,User_11,2023-08-17 03:14:49,12,9
User_917,User_15,2021-05-30 12:05:14,43,7
User_918,User_11,2021-01-13 21:22:06,67,6
User_919,User_171,2022-11-09 08:49:09,58,2
User_920,User_174,2021-02-26 02:02:47,5,4
User_921,User_165,2023-04-03 10:52:47,31,7
User_922,User_333,2024-04-03 16:10:42,81,4
User_923,User_1157,2024-03-11 20:42:33,16,4
User_924,User_939,2022-10-28 17:34:43,99,4
User_925,User_667,2020-05-28 20:23:31,89,9
User_926,User_362,2022-10-06 06:56:42,81,6
User_927,User_947,2020-06-22 16:16:06,18,10
User_928,User_649,2023-07-30 17:28:50,98,7
User_929,User_674,2020-04-02 03:32:30,37,8
User_930,User_1003,2022-07-17 04:56:59,33,4
User_931,User_1003,2024-04-05 10:51:12,95,5
User_932,User_301,2021-06-07 19:16:13,55,1
User_933,User_649,2023-06-20 07:45:32,56,2
User_934,User_1193,2022-01-02 00:17:26,74,1
User_935,User_473,2021-08-04 21:27:49,69,1
User_936,User_1151,2020-07-06 02:17:55,88,6
User_937,User_949,2023-01-19 18:13:56,70,2
User_938,User_589,2022-08-12 17:16:01,100,1
User_939,User_73,2023-03-03 06:00:10,71,7
User_940,User_619,2022-12-22 20:49:24,37,2
User_941,User_553,2022-03-26 07:32:17,88,4
User_942,User_415,2021-06-14 14:12:45,90,8
User_943,User_1005,2023-03-04 11:40:03,93,2
User_944,User_328,2020-03-28 12:46:01,91,1
User_945,User_933,2023-04-03 12:22:16,77,5
User_946,User_144,2022-08-04 12:29:27,10,10
User_947,User_583,2023-12-01 11:53:48,94,1
User_948,User_252,2022-07-29 17:44:15,32,8
User_949,User_289,2022-10-13 17:02:53,5,2
User_950,User_701,2020-08-05 16:55:40,77,6
User_951,User_610,2024-02-13 04:54:31,29,10
User_952,User_736,2020-11-17 01:15:52,29,3
User_953,User_1169,2022-11-02 16:39:54,85,7
User_954,User_412,2023-10-18 02:57:34,86,10
User_955,User_591,2020-09-01 03:07:31,79,4
User_956,User_1034,2020-05-06 00:35:09,8,4
User_957,User_387,2022-11-11 14:06:00,38,3
User_958,User_1102,2021-10-19 20:35:42,69,1
User_959,User_1130,2022-01-20 05:11:57,49,5
User_960,User_272,2023-06-14 05:34:13,7,3
User_961,User_219,2023-08-01 07:10:38,23,5
User_962,User_836,2022-05-05 02:21:04,10,10
User_963,User_1193,2021-03-29 18:17:52,100,7
User_964,User_442,2020-05-20 17:50:57,5,4
User_965,User_811,2020-07-19 19:40:36,76,10
User_966,User_1101,2022-08-04 02:18:01,85,4
User_967,User_85,2020-05-03 11:04:47,93,2
User_968,User_1192,2021-12-10 16:42:11,12,8
User_969,User_823,2020-11-14 11:41:40,48,2
User_970,User_1211,2022-11-28 11:39:15,59,9
User_971,User_436,2020-12-12 18:30:38,81,3
User_972,User_360,2023-01-31 22:32:37,86,3
User_973,User_511,2023-03-07 04:47:01,61,9
User_974,User_827,2021-03-05 14:09:43,10,6
User_975,User_25,2020-05-16 18:41:34,37,1
User_976,User_765,2020-10-07 16:32:17,99,4
User_977,User_1097,2024-04-05 17:20:11,90,3
User_978,User_196,2021-10-08 11:14:17,18,9
User_979,User_313,2022-03-08 08:38:37,69,2
User_980,User_61,2021-03-08 00:06:33,75,1
User_981,User_1186,2024-02-05 09:46:00,93,3
User_982,User_118,2021-09-07 07:02:11,46,9
User_983,User_887,2023-02-21 10:03:36,37,6
User_984,User_929,2022-09-03 02:56:30,65,10
User_985,User_651,2021-03-25 07:00:43,67,2
User_986,User_1062,2023-11-20 02:57:14,66,1
User_987,User_1177,2020-04-10 16:53:16,18,2
User_988,User_963,2023-07-23 09:03:51,96,8
User_989,User_529,2020-08-26 01:55:03,54,7
User_990,User_947,2022-02-22 22:32:42,83,3
User_991,User_166,2020-02-28 09:37:18,44,10
User_992,User_819,2020-02-24 16:39:41,58,2
User_993,User_650,2022-01-01 03:42:01,27,10
User_994,User_1166,2023-08-30 03:47:15,82,3
User_995,User_683,2021-05-12 06:04:22,69,1
User_996,User_772,2021-11-27 10:55:24,68,10
User_997,User_661,2022-04-08 06:05:41,47,4
User_998,User_1059,2024-02-17 20:49:49,44,3
User_999,User_145,2022-08-19 15:21:12,83,3
User_1000,User_786,2021-08-31 03:13:06,55,1
User_1001,User_178,2022-02-06 20:25:52,98,5
User_1002,User_1046,2022-03-19 12:07:21,41,3
User_1003,User_579,2022-06-06 18:39:49,40,7
User_1004,User_901,2023-11-08 21:29:42,92,4
User_1005,User_789,2021-06-21 22:32:27,27,5
User_1006,User_493,2022-10-10 01:11:32,11,7
User_1007,User_878,2022-02-11 00:44:33,60,2
User_1008,User_871,2023-03-20 16:08:38,94,6
User_1009,User_1027,2020-06-15 06:47:15,98,9
User_1010,User_838,2023-02-19 22:34:52,61,8
User_1011,User_492,2020-02-23 15:58:47,47,2
User_1012,User_54,2022-08-04 21:42:06,14,6
User_1013,User_873,2022-09-29 02:24:50,11,6
User_1014,User_189,2020-12-30 05:23:37,94,7
User_1015,User_400,2021-01-01 22:20:40,69,2
User_1016,User_726,2021-01-16 05:50:33,18,1
User_1017,User_969,2021-05-14 13:22:52,9,8
User_1018,User_1175,2022-09-01 01:43:36,86,4
User_1019,User_734,2022-10-29 23:11:07,14,8
User_1020,User_754,2020-10-19 05:01:54,45,3
User_1021,User_200,2023-11-23 04:06:54,62,4
User_1022,User_46,2022-06-07 12:17:34,25,7
User_1023,User_1164,2022-05-18 02:50:22,78,10
User_1024,User_748,2020-03-05 13:43:44,92,8
User_1025,User_177,2022-06-25 19:36:39,22,8
User_1026,User_150,2021-09-16 13:31:09,37,9
User_1027,User_430,2020-06-12 23:34:57,48,6
User_1028,User_959,2023-09-14 20:10:19,45,9
User_1029,User_1043,2021-12-22 04:17:33,22,3
User_1030,User_667,2020-05-01 20:34:19,84,7
User_1031,User_536,2022-10-09 03:44:21,30,7
User_1032,User_954,2022-01-04 15:34:04,20,2
User_1033,User_881,2020-05-10 11:22:41,99,5
User_1034,User_773,2021-07-05 21:50:32,49,4
User_1035,User_914,2020-06-19 05:20:39,62,8
User_1036,User_1071,2023-07-28 08:07:37,76,6
User_1037,User_363,2020-10-13 08:44:17,28,3
User_1038,User_618,2021-08-16 00:19:08,56,6
User_1039,User_835,2022-06-21 18:14:47,33,6
User_1040,User_1135,2023-05-06 01:15:46,89,9
User_1041,User_255,2023-10-30 04:44:09,30,4
User_1042,User_382,2022-03-22 10:53:44,57,8
User_1043,User_264,2022-09-11 23:28:48,28,8
User_1044,User_282,2023-08-27 14:48:27,15,8
User_1045,User_1132,2020-01-22 17:52:27,50,10
User_1046,User_49,2020-05-17 17:59:27,32,1
User_1047,User_171,2023-06-17 15:42:52,4,1
User_1048,User_57,2020-04-08 22:46:42,11,4
User_1049,User_440,2020-07-07 16:48:17,77,6
User_1050,User_385,2020-12-03 15:41:43,9,5
User_1051,User_946,2023-09-27 07:59:22,53,7
User_1052,User_1216,2021-06-14 20:25:52,15,3
User_1053,User_341,2023-12-08 00:46:38,71,8
User_1054,User_769,2021-11-13 01:26:16,69,6
User_1055,User_593,2020-04-17 02:54:30,61,8
User_1056,User_961,2024-02-03 14:11:00,88,1
User_1057,User_1007,2022-10-07 15:42:33,71,8
User_1058,User_1216,2023-03-04 13:20:56,92,8
User_1059,User_251,2022-02-09 11:41:38,3,6
User_1060,User_1025,2024-03-07 23:01:03,62,9
User_1061,User_251,2023-12-18 16:11:21,59,6
User_1062,User_386,2021-07-23 13:13:33,29,1
User_1063,User_431,2022-12-21 10:43:35,32,8
User_1064,User_908,2021-11-05 13:55:56,30,9
User_1065,User_55,2023-07-31 01:20:15,38,1
User_1066,User_802,2021-02-14 20:05:53,89,8
User_1067,User_1112,2021-06-25 20:36:39,15,1
User_1068,User_658,2022-02-26 09:25:29,97,2
User_1069,User_200,2022-05-05 04:50:27,56,6
User_1070,User_439,2023-01-02 22:10:11,57,6
User_1071,User_614,2023-02-26 06:59:36,50,5
User_1072,User_1009,2023-06-01 12:34:17,71,3
User_1073,User_464,2023-04-29 17:22:29,68,4
User_1074,User_1150,2024-01-26 20:00:07,61,8
User_1075,User_416,2022-03-21 19:32:43,57,1
User_1076,User_984,2021-09-22 08:24:42,35,1
User_1077,User_236,2024-01-13 00:36:16,12,1
User_1078,User_259,2022-01-18 01:16:18,24,10
User_1079,User_319,2024-01-31 00:19:31,7,6
User_1080,User_1225,2022-06-11 21:52:56,53,10
User_1081,User_144,2022-01-04 15:09:02,90,5
User_1082,User_245,2020-09-27 15:03:38,68,9
User_1083,User_1237,2020-12-21 03:18:23,16,3
User_1084,User_727,2022-07-15 20:19:51,17,5
User_1085,User_305,2020-03-05 04:55:09,51,4
User_1086,User_733,2021-03-04 17:15:06,8,9
User_1087,User_1166,2023-01-17 06:42:11,92,10
User_1088,User_404,2023-01-13 17:20:58,36,7
User_1089,User_846,2022-09-05 00:52:40,26,8
User_1090,User_365,2020-08-26 11:34:42,98,3
User_1091,User_439,2021-01-22 21:38:02,89,3
User_1092,User_625,2023-02-03 14:45:28,36,6
User_1093,User_907,2024-01-21 12:14:34,86,2
User_1094,User_466,2021-08-28 05:25:54,74,6
User_1095,User_360,2023-12-27 07:44:52,81,9
User_1096,User_427,2022-09-29 15:51:38,52,1
User_1097,User_1029,2021-09-07 16:38:02,31,8
User_1098,User_552,2021-09-25 02:36:27,52,3
User_1099,User_1246,2024-03-11 19:46:28,25,9
User_1100,User_593,2022-08-24 17:30:23,26,9
User_1101,User_44,2022-04-13 19:14:01,58,1
User_1102,User_459,2020-05-22 03:16:43,53,1
User_1103,User_269,2022-04-17 20:57:59,80,10
User_1104,User_1224,2022-02-13 20:05:22,89,4
User_1105,User_325,2021-07-24 11:10:46,57,5
User_1106,User_141,2021-04-20 18:33:33,29,10
User_1107,User_51,2023-06-03 11:28:49,93,8
User_1108,User_714,2022-04-12 03:42:50,15,6
User_1109,User_1015,2023-07-18 02:16:54,58,1
User_1110,User_545,2021-08-10 15:21:40,27,4
User_1111,User_1182,2020-09-20 15:52:53,86,6
User_1112,User_725,2022-03-28 17:55:05,53,10
User_1113,User_732,2022-10-28 05:08:40,5,9
User_1114,User_1057,2020-10-11 12:58:26,60,3
User_1115,User_170,2020-06-21 23:29:01,42,8
User_1116,User_1247,2022-02-05 21:09:23,94,5
User_1117,User_850,2020-01-26 01:54:31,50,7
User_1118,User_1076,2021-10-30 22:01:01,46,2
User_1119,User_651,2024-03-03 22:22:20,67,1
User_1120,User_721,2022-10-21 06:26:39,79,10
User_1121,User_289,2021-09-14 12:28:38,41,8
User_1122,User_495,2023-10-05 20:44:13,85,5
User_1123,User_1201,2022-11-24 20:59:39,30,9
User_1124,User_289,2020-01-16 15:11:19,31,7
User_1125,User_1220,2022-02-12 08:39:16,93,2
User_1126,User_959,2021-01-23 00:52:21,56,2
User_1127,User_1188,2023-04-24 14:30:07,86,1
User_1128,User_1163,2020-11-19 09:43:15,36,4
User_1129,User_908,2024-03-14 08:50:15,25,8
User_1130,User_896,2023-02-27 09:54:50,7,9
User_1131,User_1024,2024-02-04 05:51:28,18,1
User_1132,User_184,2021-10-31 13:10:43,43,3
User_1133,User_1174,2023-06-03 17:09:28,34,8
User_1134,User_738,2021-12-05 07:15:16,3,2
User_1135,User_439,2023-02-01 03:00:52,52,6
User_1136,User_1032,2023-09-20 13:38:23,87,9
User_1137,User_555,2021-07-09 13:46:42,77,4
User_1138,User_1187,2023-02-15 09:21:36,74,6
User_1139,User_852,2020-02-12 10:41:34,33,1
User_1140,User_738,2023-07-25 06:22:43,22,8
User_1141,User_541,2022-07-24 08:30:25,58,3
User_1142,User_160,2021-01-14 07:46:55,97,6
User_1143,User_1165,2020-10-26 18:53:53,33,8
User_1144,User_466,2023-09-01 00:27:35,4,6
User_1145,User_867,2023-06-13 20:03:15,74,6
User_1146,User_1105,2024-02-22 17:46:56,81,6
User_1147,User_500,2023-03-16 11:46:30,24,1
User_1148,User_84,2023-04-11 23:04:34,20,9
User_1149,User_46,2022-09-22 06:25:13,20,2
User_1150,User_146,2020-07-27 12:21:59,26,8
User_1151,User_319,2020-05-29 00:25:19,25,4
User_1152,User_838,2020-12-18 06:31:49,81,8
User_1153,User_658,2021-05-12 23:07:33,82,5
User_1154,User_998,2022-06-22 06:50:41,55,2
User_1155,User_433,2021-08-20 00:17:37,95,3
User_1156,User_1247,2021-05-28 10:54:47,53,5
User_1157,User_1183,2020-01-20 09:34:37,2,3
User_1158,User_17,2022-01-31 19:14:44,54,9
User_1159,User_710,2023-01-06 15:28:16,16,1
User_1160,User_1229,2022-01-07 16:25:28,46,6
User_1161,User_99,2023-12-13 04:21:06,35,7
User_1162,User_754,2020-02-07 15:03:15,60,1
User_1163,User_1167,2022-06-11 04:39:27,93,3
User_1164,User_859,2024-02-08 12:09:30,53,9
User_1165,User_796,2021-01-30 08:11:36,17,6
User_1166,User_1116,2023-09-15 18:44:59,92,9
User_1167,User_242,2023-12-10 06:20:11,69,7
User_1168,User_286,2022-04-12 09:19:40,90,1
User_1169,User_345,2021-07-09 22:48:25,48,7
User_1170,User_269,2022-09-29 17:00:47,1,9
User_1171,User_337,2022-08-30 06:52:16,56,8
User_1172,User_648,2021-06-09 05:33:22,57,6
User_1173,User_962,2020-11-05 09:13:59,21,6
User_1174,User_120,2020-09-07 06:57:39,7,6
User_1175,User_944,2021-12-08 18:47:38,27,4
User_1176,User_771,2021-02-09 08:38:28,73,10
User_1177,User_524,2022-02-04 10:49:56,58,2
User_1178,User_361,2022-01-18 01:16:26,25,10
User_1179,User_1072,2024-01-06 14:33:15,25,4
User_1180,User_470,2021-05-17 04:17:15,78,10
User_1181,User_635,2021-02-15 16:11:48,98,4
User_1182,User_370,2021-07-18 15:17:46,46,10
User_1183,User_796,2023-12-25 00:08:43,41,2
User_1184,User_12,2021-04-11 03:14:06,92,2
User_1185,User_590,2021-05-06 02:23:48,91,5
User_1186,User_922,2021-12-18 17:05:10,43,3
User_1187,User_689,2023-07-02 03:13:10,94,7
User_1188,User_714,2023-03-27 13:32:40,40,5
User_1189,User_961,2022-07-12 06:48:14,79,4
User_1190,User_1051,2020-11-05 09:58:39,10,7
User_1191,User_1223,2023-09-23 09:47:53,82,2
User_1192,User_1219,2022-07-14 10:44:17,11,8
User_1193,User_151,2023-01-20 02:54:20,91,2
User_1194,User_364,2024-02-23 01:05:01,66,10
User_1195,User_645,2022-12-13 15:32:24,97,3
User_1196,User_696,2024-02-19 10:28:08,10,2
User_1197,User_177,2022-10-27 02:01:22,26,10
User_1198,User_740,2021-11-29 12:58:39,99,4
User_1199,User_1080,2020-06-12 12:15:15,4,3
User_1200,User_82,2020-12-29 18:43:43,19,10
User_1201,User_1062,2022-03-01 09:49:00,85,6
User_1202,User_939,2020-06-04 14:44:41,16,4
User_1203,User_751,2022-11-22 16:48:05,30,2
User_1204,User_1168,2023-03-01 07:49:46,38,6
User_1205,User_186,2021-01-28 22:04:07,68,5
User_1206,User_1140,2020-12-08 20:31:34,20,2
User_1207,User_675,2020-10-24 11:33:19,60,7
User_1208,User_333,2021-02-20 12:10:39,51,8
User_1209,User_1232,2021-11-22 22:02:48,42,9
User_1210,User_351,2020-10-21 16:37:41,16,2
User_1211,User_891,2021-09-22 02:45:20,22,7
User_1212,User_1072,2021-04-02 03:35:36,20,9
User_1213,User_309,2022-10-06 08:24:56,28,9
User_1214,User_1120,2023-08-24 12:48:09,64,1
User_1215,User_544,2022-02-07 12:40:03,19,2
User_1216,User_404,2023-11-02 09:48:43,49,8
User_1217,User_705,2023-06-07 04:49:38,65,7
User_1218,User_786,2020-08-08 20:31:59,10,8
User_1219,User_1093,2022-11-22 17:50:20,85,9
User_1220,User_531,2023-03-25 10:52:08,99,7
User_1221,User_865,2020-02-13 15:31:46,18,3
User_1222,User_980,2021-04-02 19:51:46,21,7
User_1223,User_1135,2023-09-19 06:09:46,5,7
User_1224,User_678,2023-07-04 08:41:53,62,2
User_1225,User_668,2023-10-29 05:13:40,74,8
User_1226,User_609,2023-02-09 09:50:15,18,7
User_1227,User_1041,2023-03-08 09:14:37,47,4
User_1228,User_428,2020-08-07 03:33:18,7,4
User_1229,User_845,2022-02-16 11:03:33,68,10
User_1230,User_216,2020-10-17 09:43:17,16,10
User_1231,User_197,2021-07-23 04:26:40,7,4
User_1232,User_825,2022-12-15 21:27:57,68,9
User_1233,User_808,2022-12-16 17:04:30,6,8
User_1234,User_578,2021-10-12 19:16:05,89,3
User_1235,User_41,2021-08-09 03:06:47,94,8
User_1236,User_769,2020-06-03 05:42:16,65,2
User_1237,User_268,2023-01-12 13:03:02,29,10
User_1238,User_816,2021-08-02 23:59:06,94,6
User_1239,User_92,2021-06-20 18:47:14,53,1
User_1240,User_898,2021-11-30 11:11:03,54,10
User_1241,User_222,2021-05-17 21:14:19,17,6
User_1242,User_398,2023-02-09 12:02:20,10,7
User_1243,User_555,2024-02-13 16:32:56,38,8
User_1244,User_351,2022-02-17 20:22:13,68,5
User_1245,User_50,2021-01-11 06:00:40,69,9
User_1246,User_85,2021-11-20 18:42:37,28,4
User_1247,User_863,2021-02-05 06:34:32,44,1
User_1248,User_50,2021-05-18 04:22:16,33,1
User_1249,User_1059,2023-10-17 22:22:57,50,6
