Username,Hobby,Date_followed,Interest_level,Last_activity
User_0,Hobby_7,2020-10-06 21:04:18,7,2020-03-20 14:24:19
User_1,Hobby_9,2023-04-18 17:06:53,4,2023-09-01 20:40:28
User_2,Hobby_8,2020-06-29 17:14:18,1,2022-07-10 11:22:52
User_3,Hobby_6,2023-11-23 18:31:28,7,2023-06-28 03:59:03
User_4,Hobby_3,2022-01-27 01:20:44,3,2021-07-13 21:27:23
User_5,Hobby_7,2022-10-04 14:53:35,5,2022-05-08 04:56:15
User_6,Hobby_4,2023-07-09 14:00:05,7,2023-07-21 17:19:32
User_7,Hobby_0,2021-05-02 07:42:40,2,2024-01-21 23:22:27
User_8,Hobby_5,2022-02-21 06:37:42,8,2022-02-17 15:18:46
User_9,Hobby_0,2024-01-19 16:34:28,9,2023-10-13 01:36:34
User_10,Hobby_7,2020-07-25 10:06:01,10,2021-03-11 22:36:46
User_11,Hobby_0,2023-07-27 07:57:55,2,2020-07-15 15:29:24
User_12,Hobby_0,2020-09-05 00:13:40,9,2022-11-27 18:16:27
User_13,Hobby_7,2023-06-07 20:11:26,4,2020-12-28 11:26:32
User_14,Hobby_5,2023-09-12 19:37:47,7,2022-01-26 05:43:37
User_15,Hobby_5,2022-03-31 12:14:44,7,2020-07-06 22:36:31
User_16,Hobby_0,2022-12-18 12:32:17,2,2024-02-06 10:00:24
User_17,Hobby_7,2023-03-26 14:56:23,5,2021-12-19 03:04:40
User_18,Hobby_8,2023-02-26 14:09:45,1,2023-04-03 23:43:47
User_19,Hobby_1,2020-03-07 19:34:30,2,2022-03-25 15:11:57
User_20,Hobby_5,2020-03-07 14:49:29,2,2021-09-13 13:44:33
User_21,Hobby_5,2023-05-11 01:38:26,7,2020-10-12 20:01:06
User_22,Hobby_5,2023-11-20 13:37:02,4,2021-06-07 10:27:07
User_23,Hobby_0,2023-05-22 06:15:34,10,2022-06-07 02:24:59
User_24,Hobby_6,2020-07-23 22:05:12,5,2021-10-01 06:48:24
User_25,Hobby_8,2023-11-03 03:08:37,6,2023-12-17 00:51:33
User_26,Hobby_5,2023-12-16 08:25:30,8,2021-10-17 04:06:59
User_27,Hobby_0,2020-09-20 13:06:49,4,2023-02-08 21:58:42
User_28,Hobby_4,2021-06-15 13:59:50,2,2023-06-27 07:15:19
User_29,Hobby_8,2020-01-14 03:44:45,4,2020-08-28 15:28:12
User_30,Hobby_5,2021-05-18 06:34:02,2,2022-05-29 20:43:01
User_31,Hobby_2,2021-03-15 06:30:12,7,2020-09-18 04:21:28
User_32,Hobby_2,2023-02-23 00:26:58,5,2023-05-26 07:58:31
User_33,Hobby_8,2023-04-28 07:11:10,10,2023-11-18 22:11:05
User_34,Hobby_7,2020-04-20 14:43:34,1,2021-08-18 22:41:44
User_35,Hobby_0,2020-04-03 13:38:58,5,2022-07-07 18:23:22
User_36,Hobby_9,2022-06-17 13:11:34,7,2020-01-20 04:29:28
User_37,Hobby_8,2021-11-21 04:26:31,1,2022-05-21 19:31:46
User_38,Hobby_6,2023-03-20 00:30:27,6,2020-02-08 12:49:16
User_39,Hobby_1,2020-11-30 01:50:23,3,2021-07-25 14:22:10
User_40,Hobby_8,2021-11-10 10:55:20,5,2022-12-14 21:39:28
User_41,Hobby_2,2022-05-05 06:39:24,8,2022-05-06 11:52:27
User_42,Hobby_8,2022-08-03 06:06:08,5,2021-09-29 19:41:12
User_43,Hobby_0,2022-01-06 14:04:52,7,2021-10-27 18:30:11
User_44,Hobby_0,2022-11-08 19:03:39,6,2023-10-13 20:45:03
User_45,Hobby_7,2023-08-02 07:25:50,9,2022-01-08 09:23:00
User_46,Hobby_4,2022-12-15 17:19:37,1,2023-04-02 10:46:01
User_47,Hobby_3,2022-11-10 19:18:06,6,2023-04-18 21:09:02
User_48,Hobby_6,2020-09-11 00:08:55,6,2020-08-24 09:19:49
User_49,Hobby_5,2022-11-08 08:41:32,4,2021-09-07 17:05:54
User_50,Hobby_7,2023-09-09 18:29:02,10,2022-07-08 12:11:40
User_51,Hobby_1,2024-01-21 07:43:09,8,2020-01-16 19:58:24
User_52,Hobby_7,2022-10-15 02:38:52,3,2020-07-18 04:43:45
User_53,Hobby_6,2021-03-29 19:06:33,10,2022-01-01 01:42:43
User_54,Hobby_4,2020-02-06 18:09:44,1,2022-01-08 12:29:00
User_55,Hobby_9,2024-03-20 10:55:27,2,2022-04-06 05:46:21
User_56,Hobby_6,2023-01-09 12:50:55,10,2023-04-28 18:05:59
User_57,Hobby_8,2023-04-05 14:54:44,10,2021-04-01 07:21:36
User_58,Hobby_8,2023-08-28 20:36:42,9,2020-01-04 10:05:09
User_59,Hobby_5,2023-07-04 17:31:41,2,2020-02-09 05:34:36
User_60,Hobby_1,2020-08-30 01:27:21,6,2021-07-11 01:15:09
User_61,Hobby_3,2021-02-10 12:37:12,3,2023-01-22 22:44:08
User_62,Hobby_5,2023-04-07 14:06:10,1,2023-05-11 21:44:52
User_63,Hobby_8,2020-01-02 04:29:56,2,2020-04-07 19:00:55
User_64,Hobby_3,2021-05-01 15:48:37,8,2021-08-15 20:20:39
User_65,Hobby_7,2023-08-04 10:50:11,7,2023-12-01 21:40:26
User_66,Hobby_4,2022-12-25 21:43:12,9,2023-10-12 08:47:55
User_67,Hobby_2,2023-05-05 11:22:41,5,2020-12-31 23:02:09
User_68,Hobby_5,2023-01-13 18:00:57,10,2020-06-21 21:58:04
User_69,Hobby_7,2023-11-09 23:02:34,7,2024-03-27 07:43:13
User_70,Hobby_4,2022-12-19 19:55:35,2,2023-01-13 15:11:53
User_71,Hobby_6,2021-12-03 15:41:01,9,2020-09-03 04:49:10
User_72,Hobby_4,2022-04-22 02:34:52,8,2021-07-01 15:52:48
User_73,Hobby_0,2023-09-21 09:56:33,7,2020-04-01 14:07:26
User_74,Hobby_7,2020-09-29 07:50:50,9,2022-09-09 12:54:15
User_75,Hobby_6,2020-02-24 04:05:21,4,2023-07-11 09:01:29
User_76,Hobby_9,2022-06-11 04:48:01,10,2021-01-09 19:46:05
User_77,Hobby_0,2022-08-22 06:15:02,5,2023-02-18 23:42:29
User_78,Hobby_3,2020-09-02 10:45:05,6,2022-10-10 19:10:21
User_79,Hobby_7,2020-03-15 11:41:37,9,2020-04-03 10:30:02
User_80,Hobby_2,2020-09-09 20:31:41,9,2020-12-18 20:48:59
User_81,Hobby_0,2021-05-17 02:47:03,2,2021-09-14 09:26:54
User_82,Hobby_2,2021-02-12 17:04:23,2,2020-05-16 16:53:55
User_83,Hobby_9,2021-08-01 17:55:01,10,2022-01-15 03:01:00
User_84,Hobby_1,2023-12-06 08:44:58,3,2020-10-04 22:50:38
User_85,Hobby_1,2022-01-17 16:31:15,8,2024-03-10 20:10:05
User_86,Hobby_5,2020-06-13 15:43:28,4,2022-11-09 02:11:27
User_87,Hobby_7,2021-03-20 23:42:55,7,2021-07-27 07:49:40
User_88,Hobby_3,2021-01-21 10:21:45,3,2024-01-07 13:04:00
User_89,Hobby_6,2023-10-16 11:35:18,5,2023-04-12 23:13:03
User_90,Hobby_5,2021-05-16 07:06:35,5,2022-11-28 11:02:25
User_91,Hobby_6,2020-04-26 21:49:49,1,2023-06-08 03:57:22
User_92,Hobby_4,2022-12-07 21:02:47,4,2020-07-17 18:35:36
User_93,Hobby_4,2023-07-20 12:45:47,5,2022-01-31 08:16:45
User_94,Hobby_3,2023-04-14 12:50:49,5,2020-03-15 15:02:02
User_95,Hobby_6,2022-09-25 03:48:37,6,2021-09-29 12:14:20
User_96,Hobby_1,2023-09-23 14:28:19,8,2021-03-09 09:35:41
User_97,Hobby_1,2022-09-26 10:13:14,10,2023-06-18 13:55:17
User_98,Hobby_6,2020-01-11 23:49:48,9,2023-02-16 04:26:34
User_99,Hobby_0,2021-05-12 10:17:00,8,2023-05-20 12:19:34
User_100,Hobby_5,2021-01-30 14:50:55,4,2021-07-23 13:16:28
User_101,Hobby_9,2020-09-07 23:27:04,9,2023-02-25 14:32:32
User_102,Hobby_1,2021-09-18 20:32:17,9,2022-01-11 08:13:10
User_103,Hobby_1,2021-10-01 01:30:54,2,2022-09-17 00:06:16
User_104,Hobby_8,2020-10-11 01:49:24,10,2021-04-25 19:17:11
User_105,Hobby_1,2022-02-22 12:19:55,3,2022-06-14 00:43:05
User_106,Hobby_4,2021-01-18 04:02:30,9,2022-05-14 22:24:34
User_107,Hobby_5,2024-01-01 19:18:43,6,2020-10-15 02:06:23
User_108,Hobby_8,2023-10-31 14:52:37,9,2021-12-08 00:15:25
User_109,Hobby_7,2021-06-02 05:16:00,3,2021-07-01 02:34:00
User_110,Hobby_7,2020-06-18 11:00:19,7,2023-10-16 03:07:42
User_111,Hobby_3,2021-11-17 12:55:33,4,2021-10-03 01:50:29
User_112,Hobby_2,2021-01-03 00:23:54,3,2023-01-02 00:19:40
User_113,Hobby_2,2023-01-12 14:00:30,4,2022-03-11 08:02:53
User_114,Hobby_9,2021-04-06 00:50:11,6,2020-08-01 03:03:22
User_115,Hobby_1,2024-02-29 05:31:52,2,2021-03-19 04:30:59
User_116,Hobby_8,2020-11-12 00:02:44,4,2022-12-18 11:40:55
User_117,Hobby_7,2022-01-20 17:13:28,8,2024-01-16 13:34:41
User_118,Hobby_9,2021-02-18 06:57:28,9,2021-09-26 21:11:41
User_119,Hobby_0,2022-11-06 15:24:21,3,2023-11-19 05:01:11
User_120,Hobby_4,2021-07-02 08:50:56,9,2023-10-19 20:55:42
User_121,Hobby_3,2020-05-03 20:20:22,7,2020-05-29 00:00:27
User_122,Hobby_6,2024-03-01 21:58:40,6,2021-08-08 07:05:20
User_123,Hobby_1,2022-01-10 00:24:19,9,2022-07-19 03:06:20
User_124,Hobby_9,2021-02-14 18:29:37,1,2021-03-09 20:32:51
User_125,Hobby_2,2023-12-13 10:54:15,10,2023-11-30 18:59:08
User_126,Hobby_8,2023-11-23 06:59:12,9,2023-09-05 04:08:42
User_127,Hobby_6,2023-08-03 09:08:39,9,2020-11-14 12:10:23
User_128,Hobby_5,2022-07-07 01:22:51,8,2023-11-25 10:50:14
User_129,Hobby_1,2022-11-21 19:09:50,8,2023-11-27 14:54:40
User_130,Hobby_8,2022-07-27 03:40:28,6,2023-09-23 23:40:45
User_131,Hobby_4,2020-01-01 04:08:48,7,2022-01-06 01:20:23
User_132,Hobby_9,2020-06-19 18:41:43,2,2024-02-09 21:00:17
User_133,Hobby_8,2020-08-23 04:29:40,8,2020-09-08 04:35:30
User_134,Hobby_1,2021-06-15 15:36:14,8,2020-08-12 22:05:41
User_135,Hobby_6,2021-11-01 00:04:01,10,2022-05-06 19:50:28
User_136,Hobby_2,2020-09-02 02:06:41,9,2022-11-02 16:15:36
User_137,Hobby_7,2024-04-04 16:15:20,9,2024-03-11 11:47:52
User_138,Hobby_2,2021-01-19 06:57:24,6,2021-03-15 10:43:19
User_139,Hobby_2,2023-03-23 10:47:45,5,2020-06-09 01:59:35
User_140,Hobby_5,2021-04-02 08:28:47,9,2023-11-24 23:59:22
User_141,Hobby_6,2022-10-29 13:26:13,10,2023-04-10 07:32:02
User_142,Hobby_6,2020-08-30 15:34:11,5,2020-11-09 21:57:59
User_143,Hobby_6,2022-09-30 14:26:27,7,2023-07-14 14:26:09
User_144,Hobby_6,2021-03-23 22:42:36,2,2021-03-31 11:18:52
User_145,Hobby_1,2020-01-27 03:51:21,7,2020-10-04 17:18:04
User_146,Hobby_0,2023-09-23 19:29:47,8,2020-07-02 23:15:04
User_147,Hobby_7,2023-09-27 02:24:17,3,2020-08-30 21:42:29
User_148,Hobby_0,2023-06-21 23:18:05,3,2020-02-06 00:58:42
User_149,Hobby_7,2022-11-17 21:59:29,5,2022-12-04 15:23:32
User_150,Hobby_1,2020-01-11 22:52:13,3,2022-05-28 15:48:24
User_151,Hobby_2,2023-04-09 18:01:35,4,2021-01-16 21:25:51
User_152,Hobby_0,2023-01-19 10:30:11,7,2023-02-20 22:30:13
User_153,Hobby_8,2024-02-20 03:08:18,7,2020-03-26 04:31:55
User_154,Hobby_7,2021-07-06 15:56:08,2,2022-10-04 05:51:30
User_155,Hobby_1,2020-11-17 17:33:22,2,2021-08-23 10:57:52
User_156,Hobby_4,2021-12-17 10:26:30,2,2021-10-23 15:15:12
User_157,Hobby_2,2024-01-11 12:22:26,9,2023-11-01 05:38:26
User_158,Hobby_8,2023-07-09 02:59:46,8,2021-05-27 23:41:38
User_159,Hobby_6,2022-04-18 08:10:11,10,2020-04-14 10:23:47
User_160,Hobby_8,2021-03-22 08:32:32,5,2021-12-15 07:12:17
User_161,Hobby_9,2021-02-13 14:07:12,10,2020-05-16 01:24:33
User_162,Hobby_9,2021-06-02 06:47:55,8,2020-10-21 13:21:05
User_163,Hobby_7,2021-02-23 05:34:13,6,2020-10-12 10:42:29
User_164,Hobby_2,2023-12-17 21:00:36,2,2020-07-31 17:55:07
User_165,Hobby_7,2020-12-14 01:00:30,7,2022-03-25 16:47:36
User_166,Hobby_8,2021-01-14 18:39:55,7,2022-03-03 01:32:06
User_167,Hobby_4,2020-08-08 11:40:01,5,2023-08-22 21:35:45
User_168,Hobby_4,2023-12-13 02:12:41,6,2023-04-16 03:24:26
User_169,Hobby_8,2021-04-18 23:27:09,3,2023-01-06 06:38:02
User_170,Hobby_6,2020-12-16 13:53:01,7,2024-03-31 03:16:06
User_171,Hobby_7,2021-08-01 03:31:03,5,2020-05-11 21:12:50
User_172,Hobby_0,2021-06-07 12:41:50,6,2021-05-27 18:24:40
User_173,Hobby_8,2023-11-16 01:56:19,6,2020-10-17 04:39:40
User_174,Hobby_4,2021-05-10 23:52:31,3,2020-05-20 15:09:59
User_175,Hobby_4,2020-03-29 04:49:16,6,2020-11-14 00:28:43
User_176,Hobby_7,2023-07-16 14:27:09,5,2022-08-31 14:23:54
User_177,Hobby_2,2022-12-30 13:47:39,10,2022-09-20 20:21:12
User_178,Hobby_7,2021-02-17 01:54:42,4,2023-11-23 16:06:17
User_179,Hobby_2,2020-10-14 08:26:13,3,2020-05-30 19:01:12
User_180,Hobby_1,2022-05-17 21:39:02,1,2020-04-06 05:55:41
User_181,Hobby_3,2020-12-15 15:51:49,9,2022-07-12 14:10:53
User_182,Hobby_4,2023-10-11 11:33:51,7,2022-08-08 10:43:26
User_183,Hobby_4,2024-04-02 03:06:15,1,2021-05-01 19:42:48
User_184,Hobby_9,2022-07-01 00:07:17,10,2020-10-18 17:57:01
User_185,Hobby_4,2024-01-01 20:01:45,5,2020-01-10 14:41:33
User_186,Hobby_9,2023-07-12 22:11:12,5,2021-02-28 10:56:04
User_187,Hobby_0,2021-05-05 04:08:28,10,2020-01-17 19:50:42
User_188,Hobby_3,2024-03-19 12:55:07,8,2023-02-18 23:13:28
User_189,Hobby_7,2024-01-19 22:12:23,8,2021-03-24 08:43:41
User_190,Hobby_7,2024-03-16 17:14:43,3,2024-03-11 09:30:54
User_191,Hobby_5,2022-09-18 23:50:01,8,2024-03-22 18:44:06
User_192,Hobby_5,2022-10-03 12:22:33,10,2024-02-13 13:42:11
User_193,Hobby_5,2020-06-21 14:07:18,9,2022-08-01 06:25:58
User_194,Hobby_0,2022-06-09 09:16:48,7,2021-10-22 11:14:38
User_195,Hobby_5,2021-03-05 12:50:06,8,2023-09-25 05:10:03
User_196,Hobby_0,2022-10-19 05:42:53,3,2024-03-09 11:06:04
User_197,Hobby_4,2024-01-18 21:37:16,9,2024-01-28 21:58:17
User_198,Hobby_5,2022-04-14 07:32:57,10,2023-01-05 08:47:23
User_199,Hobby_2,2023-08-10 19:31:27,2,2023-08-04 11:54:06
User_200,Hobby_9,2023-11-10 06:20:12,3,2021-12-18 06:46:36
User_201,Hobby_9,2020-01-01 22:10:49,6,2022-08-12 16:43:44
User_202,Hobby_8,2023-05-01 16:23:35,9,2022-04-03 06:49:33
User_203,Hobby_3,2021-01-22 20:34:21,1,2021-12-02 20:46:45
User_204,Hobby_6,2022-09-29 03:55:02,3,2021-07-05 22:33:55
User_205,Hobby_6,2023-09-06 20:36:28,5,2024-03-13 18:48:31
User_206,Hobby_4,2021-07-22 19:10:10,5,2022-08-08 22:06:31
User_207,Hobby_2,2023-12-25 15:00:27,10,2023-04-24 15:46:47
User_208,Hobby_9,2020-06-21 11:45:27,6,2024-01-15 16:29:18
User_209,Hobby_5,2022-12-03 11:39:08,9,2023-02-22 22:46:50
User_210,Hobby_3,2022-12-02 13:25:19,1,2021-06-11 10:32:41
User_211,Hobby_3,2022-06-20 16:53:15,6,2021-04-08 03:36:20
User_212,Hobby_5,2022-10-11 03:56:01,9,2022-05-03 03:09:19
User_213,Hobby_5,2020-01-16 22:00:14,7,2020-11-02 03:55:44
User_214,Hobby_2,2021-01-05 16:25:05,1,2022-09-02 00:59:17
User_215,Hobby_4,2022-10-16 02:46:01,1,2021-03-03 16:43:21
User_216,Hobby_1,2024-04-08 00:59:11,6,2021-11-14 09:42:00
User_217,Hobby_8,2022-06-12 00:34:07,1,2020-05-17 02:14:06
User_218,Hobby_4,2020-01-12 08:17:42,9,2023-05-31 15:40:30
User_219,Hobby_1,2022-03-18 05:21:28,5,2020-01-30 20:38:50
User_220,Hobby_6,2023-08-03 03:26:32,1,2023-06-08 21:41:22
User_221,Hobby_0,2020-03-06 05:47:06,2,2023-02-03 16:50:23
User_222,Hobby_6,2023-12-11 11:23:43,1,2020-05-12 10:31:50
User_223,Hobby_4,2023-01-27 16:35:29,4,2024-04-05 09:26:52
User_224,Hobby_6,2020-11-09 23:02:14,2,2023-01-31 12:39:38
User_225,Hobby_0,2021-08-15 10:53:42,5,2020-10-08 10:32:08
User_226,Hobby_4,2021-10-27 18:38:18,2,2022-08-09 00:12:17
User_227,Hobby_6,2021-07-15 03:54:55,7,2023-06-28 12:16:58
User_228,Hobby_9,2022-11-05 15:40:09,10,2022-01-06 02:14:11
User_229,Hobby_3,2022-04-23 09:31:40,5,2021-04-07 08:44:39
User_230,Hobby_0,2022-02-08 04:11:51,1,2023-11-25 00:24:14
User_231,Hobby_7,2023-12-03 02:41:35,9,2024-03-16 15:21:34
User_232,Hobby_5,2023-12-02 03:41:24,7,2021-07-09 10:48:52
User_233,Hobby_9,2020-10-15 18:17:27,10,2020-02-24 05:07:55
User_234,Hobby_5,2022-03-01 04:32:53,1,2021-03-24 04:48:03
User_235,Hobby_2,2021-09-30 20:07:26,6,2023-03-03 23:00:35
User_236,Hobby_0,2021-12-03 00:26:41,5,2023-05-21 23:29:48
User_237,Hobby_4,2020-04-10 10:36:01,7,2021-06-19 11:40:19
User_238,Hobby_1,2023-10-29 15:40:08,1,2023-02-23 16:14:04
User_239,Hobby_5,2023-08-25 12:12:10,5,2022-01-29 14:48:44
User_240,Hobby_3,2022-11-08 14:54:55,5,2024-04-09 14:50:32
User_241,Hobby_1,2021-12-11 20:00:53,3,2021-08-28 20:15:41
User_242,Hobby_4,2021-07-20 00:12:26,8,2023-08-15 00:31:12
User_243,Hobby_5,2023-04-01 14:59:33,2,2023-05-13 18:09:13
User_244,Hobby_5,2021-11-20 22:47:38,6,2020-02-14 02:14:48
User_245,Hobby_9,2021-12-26 14:30:06,1,2022-10-25 13:36:54
User_246,Hobby_7,2020-11-06 22:17:36,3,2022-12-21 03:12:37
User_247,Hobby_7,2023-10-24 11:47:21,2,2022-07-10 03:19:49
User_248,Hobby_9,2023-03-01 17:01:01,5,2022-07-29 15:09:42
User_249,Hobby_5,2020-08-26 16:07:20,6,2021-01-15 13:57:25
User_250,Hobby_9,2020-09-22 13:03:48,10,2020-09-30 02:21:00
User_251,Hobby_2,2020-07-18 04:28:06,4,2022-03-30 16:59:08
User_252,Hobby_8,2022-02-26 14:04:32,1,2020-09-06 20:40:01
User_253,Hobby_5,2021-08-17 17:51:27,2,2023-03-02 12:49:14
User_254,Hobby_2,2022-12-09 13:33:04,7,2023-11-15 21:31:55
User_255,Hobby_4,2020-01-28 17:50:44,5,2021-01-16 14:33:30
User_256,Hobby_2,2022-08-16 00:21:00,3,2022-09-24 02:34:07
User_257,Hobby_6,2021-12-24 13:09:02,10,2021-06-28 07:41:17
User_258,Hobby_1,2020-02-22 06:37:22,9,2022-12-19 18:45:14
User_259,Hobby_2,2021-02-11 08:13:31,10,2023-02-09 20:27:32
User_260,Hobby_0,2022-01-15 05:04:09,4,2023-01-26 10:01:19
User_261,Hobby_9,2021-07-19 23:54:26,9,2022-04-04 03:49:40
User_262,Hobby_3,2023-10-04 05:34:46,10,2021-08-10 09:37:04
User_263,Hobby_1,2021-02-03 13:05:15,5,2020-09-06 07:46:31
User_264,Hobby_1,2024-03-28 04:21:19,7,2021-12-03 18:52:23
User_265,Hobby_4,2022-04-03 17:12:48,9,2024-03-14 22:38:44
User_266,Hobby_1,2021-05-05 22:10:24,9,2022-12-21 01:58:38
User_267,Hobby_6,2020-05-17 08:34:35,8,2022-11-12 23:13:42
User_268,Hobby_6,2021-01-09 08:43:04,2,2023-06-05 03:43:32
User_269,Hobby_9,2020-07-01 08:38:12,1,2021-01-10 01:07:45
User_270,Hobby_8,2023-12-02 05:42:32,4,2020-01-30 11:37:16
User_271,Hobby_0,2020-06-21 00:36:17,3,2024-01-07 16:37:09
User_272,Hobby_1,2022-11-26 23:03:36,6,2020-04-04 17:35:18
User_273,Hobby_4,2020-05-30 19:27:15,6,2020-12-09 22:15:09
User_274,Hobby_4,2021-01-09 17:34:16,8,2021-08-12 01:42:13
User_275,Hobby_3,2020-01-09 05:59:17,4,2023-10-07 22:32:15
User_276,Hobby_3,2020-11-10 19:48:59,8,2022-06-17 22:30:04
User_277,Hobby_0,2023-07-22 21:45:48,6,2022-08-29 22:59:26
User_278,Hobby_2,2021-05-14 01:24:03,1,2020-02-08 08:15:39
User_279,Hobby_4,2020-10-27 03:36:42,5,2023-08-22 21:46:02
User_280,Hobby_8,2021-11-26 02:02:14,10,2023-02-15 03:12:21
User_281,Hobby_7,2022-09-01 10:44:24,3,2021-04-16 06:44:30
User_282,Hobby_6,2022-09-30 13:09:49,10,2022-04-06 18:48:15
User_283,Hobby_4,2024-03-19 17:52:57,5,2023-01-05 22:17:25
User_284,Hobby_5,2023-03-28 19:28:27,10,2024-02-10 20:42:58
User_285,Hobby_9,2023-02-10 10:21:34,3,2024-03-12 03:23:21
User_286,Hobby_9,2022-06-14 04:09:26,3,2020-10-17 01:35:38
User_287,Hobby_5,2023-02-06 20:40:39,1,2022-04-03 17:02:58
User_288,Hobby_5,2020-08-28 07:38:29,5,2020-09-30 16:47:59
User_289,Hobby_3,2023-10-31 09:29:20,4,2020-12-29 13:50:41
User_290,Hobby_4,2020-06-26 08:47:23,7,2024-01-06 02:00:32
User_291,Hobby_7,2020-01-10 22:19:43,7,2021-07-30 05:40:00
User_292,Hobby_7,2022-04-28 07:32:24,10,2024-03-07 16:26:57
User_293,Hobby_0,2021-12-28 11:42:27,1,2024-01-18 14:01:59
User_294,Hobby_9,2023-11-27 05:24:14,1,2023-06-30 03:25:52
User_295,Hobby_6,2022-05-22 18:54:01,1,2020-06-13 11:14:20
User_296,Hobby_9,2021-06-26 11:17:10,6,2021-06-17 15:03:33
User_297,Hobby_3,2021-10-08 15:26:26,2,2021-11-13 00:54:50
User_298,Hobby_5,2022-12-20 18:36:17,1,2023-07-02 18:50:06
User_299,Hobby_4,2022-10-13 04:54:57,9,2022-12-12 18:38:48
User_300,Hobby_2,2023-02-21 08:05:32,9,2023-12-26 18:38:38
User_301,Hobby_5,2020-08-21 04:23:46,5,2020-05-08 03:32:03
User_302,Hobby_6,2021-11-06 09:41:25,7,2022-11-30 21:43:39
User_303,Hobby_6,2021-04-20 22:38:04,10,2023-10-24 06:48:22
User_304,Hobby_0,2023-01-03 14:24:21,10,2020-04-04 22:17:40
User_305,Hobby_0,2022-12-26 02:12:11,10,2023-01-18 15:34:00
User_306,Hobby_9,2023-10-23 14:36:36,10,2023-10-22 19:32:03
User_307,Hobby_2,2021-05-26 00:03:12,8,2020-01-20 05:27:39
User_308,Hobby_8,2022-08-25 21:58:22,1,2023-06-14 13:36:51
User_309,Hobby_0,2023-02-03 03:40:13,3,2022-03-04 03:10:45
User_310,Hobby_6,2023-05-12 02:13:06,4,2021-11-21 17:16:17
User_311,Hobby_5,2021-07-22 07:22:05,8,2021-06-08 12:26:10
User_312,Hobby_6,2023-03-24 22:56:11,1,2021-11-16 02:56:01
User_313,Hobby_6,2023-07-14 13:21:02,5,2023-07-01 13:03:52
User_314,Hobby_8,2023-12-17 04:37:24,8,2021-10-01 18:15:30
User_315,Hobby_0,2020-12-13 18:18:03,2,2021-02-02 09:49:30
User_316,Hobby_9,2023-12-31 11:46:16,3,2022-02-12 01:21:21
User_317,Hobby_4,2020-07-14 01:07:16,9,2022-02-16 22:24:53
User_318,Hobby_0,2020-10-31 01:01:08,1,2023-06-29 18:19:22
User_319,Hobby_1,2020-01-18 22:59:24,1,2020-03-31 16:02:43
User_320,Hobby_5,2020-03-06 13:14:02,10,2020-04-25 01:06:49
User_321,Hobby_2,2022-10-07 12:34:05,3,2021-07-09 21:21:41
User_322,Hobby_9,2023-04-18 17:25:06,9,2021-01-26 06:24:57
User_323,Hobby_4,2022-10-21 14:33:18,7,2022-08-01 09:29:14
User_324,Hobby_2,2023-11-20 09:39:06,6,2022-08-06 16:58:48
User_325,Hobby_4,2020-06-24 18:01:06,3,2022-09-30 14:57:03
User_326,Hobby_7,2023-09-25 07:50:12,3,2022-06-02 08:07:56
User_327,Hobby_6,2020-04-19 09:23:11,7,2022-10-11 13:29:08
User_328,Hobby_0,2022-11-26 03:01:10,3,2024-04-06 03:30:55
User_329,Hobby_2,2022-08-11 07:50:29,5,2020-12-23 09:38:14
User_330,Hobby_0,2023-04-05 23:03:30,7,2021-11-05 13:33:21
User_331,Hobby_0,2023-07-10 21:23:59,8,2020-09-18 05:17:59
User_332,Hobby_1,2024-04-01 08:23:19,7,2022-06-26 10:17:56
User_333,Hobby_0,2021-07-05 21:22:57,7,2020-03-24 18:49:35
User_334,Hobby_0,2023-11-18 20:33:07,6,2021-09-26 23:19:49
User_335,Hobby_0,2021-01-04 02:28:42,2,2024-03-11 13:27:21
User_336,Hobby_7,2022-01-21 03:54:41,7,2020-04-15 21:21:28
User_337,Hobby_1,2023-11-17 06:29:13,8,2020-12-02 14:45:59
User_338,Hobby_4,2020-07-10 12:17:53,5,2023-02-28 10:50:50
User_339,Hobby_4,2021-07-22 02:55:51,8,2021-07-24 06:13:58
User_340,Hobby_8,2020-03-11 23:54:56,8,2020-06-30 21:03:28
User_341,Hobby_6,2023-08-04 21:17:19,8,2022-03-20 01:28:46
User_342,Hobby_4,2022-12-24 16:51:59,9,2023-05-08 06:25:23
User_343,Hobby_0,2021-04-28 09:50:20,6,2021-11-29 06:07:35
User_344,Hobby_7,2023-04-01 13:18:54,8,2022-08-04 20:24:07
User_345,Hobby_2,2021-06-13 10:23:06,4,2020-03-22 10:43:32
User_346,Hobby_5,2023-11-18 17:37:04,1,2022-12-28 20:18:23
User_347,Hobby_9,2024-04-07 13:16:12,7,2023-03-10 08:54:20
User_348,Hobby_7,2023-10-26 08:33:48,9,2020-04-27 01:58:10
User_349,Hobby_7,2024-01-07 18:41:32,4,2021-07-10 14:13:24
User_350,Hobby_6,2023-05-02 09:45:00,4,2022-09-01 20:31:55
User_351,Hobby_5,2021-02-10 19:34:30,2,2021-11-02 12:03:12
User_352,Hobby_1,2020-02-05 19:48:29,4,2021-08-27 15:53:52
User_353,Hobby_7,2021-05-11 15:21:00,6,2021-08-06 03:11:05
User_354,Hobby_9,2023-04-26 19:05:26,2,2023-10-15 19:48:08
User_355,Hobby_6,2024-03-24 07:03:15,6,2023-02-25 15:55:28
User_356,Hobby_4,2024-02-08 01:56:36,5,2021-03-09 12:25:12
User_357,Hobby_0,2021-10-13 03:21:59,7,2021-05-20 16:34:03
User_358,Hobby_7,2023-11-02 18:24:32,1,2020-01-29 01:57:08
User_359,Hobby_9,2020-03-16 10:08:44,7,2020-03-05 02:07:02
User_360,Hobby_8,2020-11-03 22:54:40,1,2024-02-15 22:17:43
User_361,Hobby_9,2022-11-07 14:16:50,1,2020-08-04 01:53:31
User_362,Hobby_5,2024-03-28 02:43:51,4,2023-06-05 23:11:09
User_363,Hobby_3,2023-10-18 09:38:31,3,2020-02-07 07:31:23
User_364,Hobby_6,2023-07-17 18:44:51,2,2022-05-05 06:34:52
User_365,Hobby_0,2023-05-03 05:08:51,4,2021-11-28 01:06:51
User_366,Hobby_6,2021-08-12 16:18:13,7,2022-01-20 15:01:51
User_367,Hobby_8,2022-04-06 14:45:07,2,2020-01-26 14:01:53
User_368,Hobby_5,2021-09-28 12:03:13,10,2023-04-05 07:27:14
User_369,Hobby_8,2020-11-14 11:12:29,10,2022-03-15 17:36:27
User_370,Hobby_0,2024-02-20 14:10:01,3,2021-02-09 12:49:53
User_371,Hobby_8,2020-10-27 17:54:14,7,2021-01-22 19:18:58
User_372,Hobby_3,2024-01-25 02:55:06,6,2021-08-26 10:18:20
User_373,Hobby_2,2020-07-25 14:42:25,9,2021-02-06 19:15:49
User_374,Hobby_3,2021-03-31 15:02:05,7,2023-04-25 20:55:36
User_375,Hobby_7,2021-01-03 19:43:46,6,2023-04-03 13:33:11
User_376,Hobby_9,2021-03-11 08:37:31,1,2020-06-15 02:04:01
User_377,Hobby_1,2023-09-07 02:18:44,10,2022-08-31 23:36:33
User_378,Hobby_6,2020-07-23 08:19:20,8,2022-12-13 16:16:43
User_379,Hobby_0,2021-10-19 23:28:47,9,2020-09-30 00:49:59
User_380,Hobby_0,2020-04-26 05:35:57,6,2021-07-22 18:14:44
User_381,Hobby_5,2022-11-10 08:48:25,3,2020-04-12 21:32:21
User_382,Hobby_9,2023-03-27 04:14:22,1,2021-12-18 07:58:39
User_383,Hobby_2,2021-03-19 21:29:44,10,2022-10-11 15:37:31
User_384,Hobby_0,2022-12-10 05:49:43,9,2021-12-30 13:47:57
User_385,Hobby_6,2021-02-12 13:10:56,7,2020-12-25 12:29:37
User_386,Hobby_0,2022-10-25 11:28:22,6,2023-01-20 19:31:10
User_387,Hobby_9,2021-05-04 00:56:25,5,2022-11-04 12:14:31
User_388,Hobby_4,2022-03-08 05:39:32,5,2023-03-18 18:10:59
User_389,Hobby_2,2021-08-18 03:44:08,6,2022-04-17 20:10:50
User_390,Hobby_3,2021-11-05 05:59:54,4,2021-09-01 15:40:30
User_391,Hobby_4,2022-10-26 00:01:56,8,2022-07-07 18:48:44
User_392,Hobby_8,2023-10-19 00:10:59,5,2021-03-07 02:38:14
User_393,Hobby_3,2023-05-12 21:48:15,2,2023-06-01 00:07:47
User_394,Hobby_5,2022-11-30 23:26:20,2,2023-04-14 22:51:34
User_395,Hobby_9,2022-10-10 08:44:54,3,2020-09-10 22:55:26
User_396,Hobby_1,2022-07-21 12:56:59,9,2023-06-19 03:32:08
User_397,Hobby_5,2024-02-02 17:02:28,4,2022-10-19 05:48:23
User_398,Hobby_1,2021-03-18 23:28:18,10,2023-11-30 12:00:21
User_399,Hobby_7,2022-07-17 03:37:09,9,2023-04-27 16:04:30
User_400,Hobby_9,2023-07-28 20:57:31,6,2020-11-28 17:28:09
User_401,Hobby_2,2022-05-18 09:35:59,1,2023-12-03 23:40:27
User_402,Hobby_2,2020-01-18 12:44:45,5,2020-02-02 01:44:07
User_403,Hobby_4,2022-02-02 22:59:01,7,2023-12-25 20:23:45
User_404,Hobby_6,2021-02-05 23:17:32,3,2022-03-11 00:08:40
User_405,Hobby_1,2021-01-31 13:21:46,3,2021-07-07 13:02:52
User_406,Hobby_9,2021-08-28 07:19:03,10,2021-11-25 12:08:28
User_407,Hobby_5,2020-01-08 04:22:33,2,2023-08-17 10:10:50
User_408,Hobby_6,2021-12-31 04:52:42,8,2021-10-09 06:05:11
User_409,Hobby_8,2022-11-12 07:03:35,3,2020-07-05 15:14:03
User_410,Hobby_8,2022-12-24 06:28:08,2,2021-10-12 05:56:01
User_411,Hobby_8,2020-12-30 05:16:31,6,2023-03-04 21:11:51
User_412,Hobby_1,2021-05-29 16:29:54,10,2021-11-26 02:56:39
User_413,Hobby_3,2021-06-23 13:14:22,8,2022-01-10 23:36:06
User_414,Hobby_5,2021-09-13 03:57:51,8,2020-08-03 06:28:14
User_415,Hobby_1,2023-11-24 05:55:16,2,2020-06-25 01:16:30
User_416,Hobby_8,2022-07-09 22:41:57,7,2022-06-05 01:49:59
User_417,Hobby_2,2021-03-07 11:23:31,10,2021-06-18 05:25:34
User_418,Hobby_2,2020-03-13 21:30:32,3,2021-07-13 21:05:51
User_419,Hobby_0,2023-06-11 04:07:37,2,2023-08-02 01:07:29
User_420,Hobby_1,2022-03-02 15:22:58,2,2024-03-05 16:43:30
User_421,Hobby_1,2022-10-18 05:10:09,2,2022-07-21 21:27:22
User_422,Hobby_7,2021-10-21 18:28:08,4,2020-05-27 23:35:34
User_423,Hobby_6,2023-08-08 09:47:36,3,2020-12-22 03:08:58
User_424,Hobby_1,2020-11-25 13:53:48,10,2021-07-05 02:16:45
User_425,Hobby_5,2023-11-30 04:03:08,10,2024-03-16 16:17:46
User_426,Hobby_3,2021-01-20 08:22:33,10,2023-07-16 10:14:42
User_427,Hobby_8,2021-03-14 03:47:39,2,2020-08-09 20:38:27
User_428,Hobby_8,2020-05-24 17:41:52,3,2020-11-15 05:23:41
User_429,Hobby_8,2020-01-28 00:40:40,8,2023-02-28 10:10:49
User_430,Hobby_4,2022-12-29 18:49:14,10,2023-07-30 20:57:54
User_431,Hobby_8,2022-06-22 15:28:01,10,2021-03-13 22:54:18
User_432,Hobby_8,2020-10-21 16:42:28,9,2020-08-14 23:12:13
User_433,Hobby_4,2023-12-11 15:35:21,4,2020-08-28 12:41:47
User_434,Hobby_8,2020-05-30 08:11:10,3,2020-07-08 10:52:50
User_435,Hobby_8,2023-10-29 17:31:29,2,2022-07-02 08:28:17
User_436,Hobby_3,2021-12-16 17:09:07,3,2021-09-29 16:05:49
User_437,Hobby_0,2023-11-12 13:08:59,4,2021-07-20 22:10:24
User_438,Hobby_5,2023-03-25 02:27:34,5,2023-07-28 12:43:59
User_439,Hobby_9,2022-12-25 11:51:59,4,2024-01-15 10:23:20
User_440,Hobby_0,2022-12-12 01:04:47,4,2020-11-29 00:52:37
User_441,Hobby_9,2020-10-22 08:53:57,3,2021-04-29 21:16:38
User_442,Hobby_4,2022-04-21 17:09:16,1,2024-01-16 19:39:37
User_443,Hobby_4,2022-11-23 17:20:47,8,2022-05-29 23:16:19
User_444,Hobby_8,2020-06-19 00:26:54,1,2021-05-05 11:28:55
User_445,Hobby_8,2020-03-10 22:12:25,9,2023-08-06 04:30:38
User_446,Hobby_3,2024-02-09 09:46:51,1,2021-12-29 12:49:45
User_447,Hobby_3,2024-01-25 07:40:27,7,2024-03-20 14:35:12
User_448,Hobby_0,2022-01-18 09:13:42,3,2023-02-13 19:02:03
User_449,Hobby_1,2022-04-01 18:58:16,3,2022-07-24 11:55:17
User_450,Hobby_9,2022-10-29 06:55:09,5,2023-07-30 15:32:38
User_451,Hobby_2,2023-09-13 07:26:26,8,2021-09-09 04:39:58
User_452,Hobby_8,2022-03-31 23:18:09,9,2023-04-26 09:01:44
User_453,Hobby_4,2020-01-09 17:20:46,3,2021-03-15 11:45:57
User_454,Hobby_0,2021-07-28 17:45:26,10,2023-11-20 00:13:49
User_455,Hobby_3,2020-11-26 21:34:09,7,2021-10-09 16:43:31
User_456,Hobby_0,2021-07-10 22:33:21,3,2021-04-07 09:05:03
User_457,Hobby_5,2024-04-07 19:34:22,2,2020-07-22 20:45:21
User_458,Hobby_4,2023-06-17 02:59:49,3,2023-06-27 08:02:58
User_459,Hobby_9,2020-07-17 06:36:53,5,2024-02-25 20:59:35
User_460,Hobby_2,2021-01-14 12:16:43,2,2022-05-20 18:45:41
User_461,Hobby_9,2020-11-23 07:38:35,9,2023-01-14 10:54:37
User_462,Hobby_1,2020-06-23 11:57:55,3,2021-01-09 21:03:11
User_463,Hobby_7,2020-10-08 12:09:20,3,2022-10-29 11:48:35
User_464,Hobby_5,2020-05-02 09:32:33,10,2022-09-17 11:27:28
User_465,Hobby_4,2020-08-29 01:07:40,8,2021-12-28 05:54:35
User_466,Hobby_2,2021-10-15 21:29:25,1,2022-10-28 17:04:14
User_467,Hobby_1,2021-11-12 16:43:50,6,2022-04-02 06:42:54
User_468,Hobby_1,2020-08-11 21:32:06,7,2023-08-10 02:29:11
User_469,Hobby_9,2021-08-21 21:29:40,4,2022-05-18 18:22:59
User_470,Hobby_1,2021-03-29 01:17:25,3,2020-11-07 16:31:27
User_471,Hobby_9,2023-05-09 18:50:53,6,2021-02-12 16:35:29
User_472,Hobby_4,2022-02-14 02:26:16,10,2020-03-10 23:23:20
User_473,Hobby_6,2020-01-11 00:20:43,6,2020-04-11 01:18:32
User_474,Hobby_4,2020-08-15 01:58:52,7,2021-03-14 05:37:30
User_475,Hobby_2,2022-04-18 05:08:41,6,2021-02-26 09:50:16
User_476,Hobby_6,2020-08-22 16:51:49,3,2021-05-22 19:27:59
User_477,Hobby_3,2023-10-27 11:32:46,3,2020-11-30 08:57:35
User_478,Hobby_0,2022-11-14 19:48:34,8,2021-10-23 19:38:16
User_479,Hobby_2,2021-06-28 17:46:43,4,2021-02-19 09:49:30
User_480,Hobby_7,2023-08-25 01:30:43,9,2024-01-11 04:02:33
User_481,Hobby_9,2023-04-07 13:06:40,3,2021-07-19 20:24:40
User_482,Hobby_5,2022-03-01 02:32:35,5,2022-11-29 19:26:25
User_483,Hobby_4,2020-04-06 23:52:51,3,2022-10-30 22:40:10
User_484,Hobby_9,2021-08-03 02:39:33,5,2022-08-15 02:59:13
User_485,Hobby_7,2022-07-31 21:04:04,3,2021-12-10 00:24:12
User_486,Hobby_2,2022-05-23 18:14:48,10,2021-02-09 07:42:45
User_487,Hobby_4,2021-01-04 08:30:23,8,2023-12-22 21:16:50
User_488,Hobby_6,2022-03-19 00:26:37,2,2022-07-22 23:39:10
User_489,Hobby_0,2022-08-05 11:42:43,3,2022-05-19 02:37:49
User_490,Hobby_9,2023-03-18 18:55:02,2,2023-07-25 00:44:23
User_491,Hobby_5,2022-01-25 09:37:05,9,2023-12-16 00:09:06
User_492,Hobby_2,2022-03-24 22:39:12,3,2020-08-09 23:52:04
User_493,Hobby_9,2021-03-28 02:39:54,10,2021-12-17 00:14:44
User_494,Hobby_0,2023-03-11 15:18:50,10,2023-05-09 11:33:49
User_495,Hobby_9,2022-03-21 22:13:52,4,2021-09-12 16:01:12
User_496,Hobby_8,2023-10-13 15:01:24,2,2022-12-01 19:47:57
User_497,Hobby_6,2020-10-18 15:48:00,5,2020-08-14 14:01:48
User_498,Hobby_6,2021-05-10 12:38:42,10,2024-01-23 20:35:58
User_499,Hobby_3,2023-06-18 08:42:42,9,2023-10-16 20:55:24
User_500,Hobby_4,2020-10-10 18:46:41,9,2022-11-09 07:55:03
User_501,Hobby_9,2023-04-29 01:49:22,2,2023-12-11 22:00:09
User_502,Hobby_6,2021-05-23 20:38:26,6,2020-07-28 08:33:54
User_503,Hobby_6,2021-03-03 11:23:38,4,2022-05-04 19:19:27
User_504,Hobby_5,2021-12-10 14:18:17,2,2020-08-17 20:55:01
User_505,Hobby_1,2023-03-13 06:11:09,9,2024-03-12 16:07:17
User_506,Hobby_7,2020-05-28 18:59:27,8,2023-11-10 19:52:53
User_507,Hobby_9,2023-07-10 07:49:49,10,2021-05-03 20:24:20
User_508,Hobby_1,2021-03-30 01:37:24,10,2020-01-15 10:37:07
User_509,Hobby_4,2021-11-01 05:59:45,1,2020-11-14 20:47:47
User_510,Hobby_8,2020-02-20 00:37:28,1,2022-07-29 07:01:59
User_511,Hobby_7,2023-06-13 04:32:38,4,2020-01-31 07:15:37
User_512,Hobby_3,2022-09-18 10:08:23,9,2020-10-24 13:46:59
User_513,Hobby_6,2020-04-05 05:37:28,10,2020-09-29 06:34:55
User_514,Hobby_5,2020-02-24 10:23:40,1,2021-10-20 03:25:49
User_515,Hobby_3,2022-10-30 18:54:57,1,2024-03-21 20:11:53
User_516,Hobby_1,2021-04-24 21:46:48,9,2022-08-26 09:17:21
User_517,Hobby_4,2021-09-30 23:27:49,6,2023-02-24 01:56:41
User_518,Hobby_5,2022-10-10 17:39:28,2,2023-05-20 03:10:08
User_519,Hobby_6,2020-01-01 12:11:40,8,2022-10-25 15:18:04
User_520,Hobby_1,2020-09-22 08:43:09,4,2022-12-04 12:02:47
User_521,Hobby_1,2023-06-25 15:27:49,3,2023-02-15 06:18:17
User_522,Hobby_8,2022-12-15 15:30:55,1,2021-10-17 17:26:35
User_523,Hobby_9,2021-06-16 13:32:56,2,2024-03-04 23:40:52
User_524,Hobby_5,2021-07-12 02:24:57,2,2020-09-09 02:12:46
User_525,Hobby_7,2021-11-07 04:25:47,10,2021-07-09 12:17:06
User_526,Hobby_5,2021-11-01 06:34:58,8,2020-01-11 11:01:50
User_527,Hobby_5,2022-11-02 14:45:05,1,2021-10-01 01:37:58
User_528,Hobby_7,2021-05-27 19:19:56,6,2020-03-25 03:37:04
User_529,Hobby_7,2022-06-14 02:11:12,1,2020-03-08 05:02:55
User_530,Hobby_0,2022-11-04 15:23:11,9,2023-12-20 00:24:21
User_531,Hobby_6,2021-07-07 19:35:40,6,2022-11-14 19:13:53
User_532,Hobby_2,2020-12-13 17:24:35,8,2021-01-17 11:26:50
User_533,Hobby_1,2021-12-29 13:49:16,4,2021-04-22 23:01:05
User_534,Hobby_5,2023-12-21 11:18:30,1,2020-01-21 12:20:27
User_535,Hobby_8,2022-07-30 02:24:38,1,2020-12-05 00:08:15
User_536,Hobby_1,2020-10-13 06:18:26,7,2023-12-09 20:42:06
User_537,Hobby_3,2021-08-30 19:20:27,2,2024-01-04 01:47:57
User_538,Hobby_4,2023-11-16 05:30:58,3,2021-08-13 14:57:18
User_539,Hobby_9,2024-01-16 22:36:12,2,2022-04-11 05:47:38
User_540,Hobby_8,2020-02-02 22:27:29,6,2020-03-11 21:36:53
User_541,Hobby_4,2024-03-11 14:52:13,6,2020-12-02 02:04:56
User_542,Hobby_9,2022-06-17 13:39:59,8,2023-01-21 14:57:04
User_543,Hobby_7,2023-02-17 16:49:46,3,2023-10-24 14:27:06
User_544,Hobby_4,2023-07-29 16:49:19,10,2020-09-24 18:38:57
User_545,Hobby_9,2021-06-06 21:58:05,3,2022-03-22 19:24:51
User_546,Hobby_3,2022-01-01 10:01:45,3,2022-09-03 14:12:09
User_547,Hobby_7,2024-03-25 00:02:53,3,2023-09-01 00:10:28
User_548,Hobby_7,2022-07-17 20:26:26,9,2021-06-10 15:06:29
User_549,Hobby_3,2021-01-21 11:55:42,2,2020-06-03 23:34:50
User_550,Hobby_3,2022-01-22 21:03:35,5,2022-09-30 20:33:29
User_551,Hobby_5,2020-03-23 08:41:56,8,2023-09-04 11:55:51
User_552,Hobby_7,2023-07-30 15:12:04,10,2020-01-24 13:24:40
User_553,Hobby_0,2020-10-26 07:13:33,7,2021-05-22 19:34:08
User_554,Hobby_0,2023-12-27 17:44:08,4,2021-04-04 10:26:04
User_555,Hobby_4,2023-03-10 22:02:51,10,2020-07-30 08:32:52
User_556,Hobby_2,2023-12-11 21:57:45,10,2023-01-04 04:41:00
User_557,Hobby_5,2023-04-20 07:39:52,9,2020-05-21 04:06:17
User_558,Hobby_1,2022-02-24 16:28:31,9,2022-12-08 14:47:25
User_559,Hobby_5,2023-01-02 11:19:39,9,2020-09-29 15:45:30
User_560,Hobby_8,2020-12-08 17:51:18,10,2022-01-24 08:01:10
User_561,Hobby_0,2021-03-09 22:55:29,6,2020-04-03 23:25:37
User_562,Hobby_5,2023-04-17 13:49:20,4,2023-05-30 03:18:13
User_563,Hobby_1,2023-05-06 08:10:29,6,2021-07-09 08:18:10
User_564,Hobby_2,2023-06-02 03:55:51,10,2020-12-11 13:35:41
User_565,Hobby_2,2023-03-15 08:40:11,1,2022-05-29 01:01:38
User_566,Hobby_5,2022-04-17 22:32:54,3,2023-11-27 04:30:55
User_567,Hobby_0,2022-10-05 00:44:26,7,2022-02-20 08:00:31
User_568,Hobby_1,2020-11-23 14:41:21,1,2023-02-09 16:22:11
User_569,Hobby_9,2024-03-11 05:57:12,8,2021-11-01 21:41:17
User_570,Hobby_9,2020-12-09 22:12:28,5,2020-12-24 16:37:42
User_571,Hobby_6,2024-04-07 07:07:35,9,2024-01-09 13:36:55
User_572,Hobby_7,2024-02-05 02:17:23,4,2023-01-19 08:29:39
User_573,Hobby_5,2022-04-05 06:14:33,8,2020-10-31 00:31:48
User_574,Hobby_2,2021-04-01 09:56:03,9,2020-09-11 16:08:43
User_575,Hobby_8,2020-09-13 10:37:07,8,2023-09-13 04:06:22
User_576,Hobby_2,2024-03-06 17:50:04,8,2021-06-18 11:49:03
User_577,Hobby_7,2022-12-23 22:01:28,2,2022-05-18 05:20:59
User_578,Hobby_1,2023-04-22 23:13:17,1,2021-07-23 03:50:36
User_579,Hobby_5,2023-11-20 09:23:51,10,2022-10-31 13:15:30
User_580,Hobby_9,2020-10-03 19:09:22,10,2023-06-20 18:37:27
User_581,Hobby_6,2020-04-13 15:25:57,9,2020-07-09 16:05:04
User_582,Hobby_2,2022-07-11 15:23:59,10,2022-07-19 12:09:21
User_583,Hobby_3,2023-08-03 21:31:29,3,2020-07-16 13:51:10
User_584,Hobby_9,2023-07-20 06:26:18,2,2021-10-02 04:26:20
User_585,Hobby_4,2021-08-31 14:44:49,6,2021-12-24 18:13:53
User_586,Hobby_0,2022-08-30 18:52:41,7,2020-05-08 15:11:41
User_587,Hobby_0,2022-09-27 06:57:03,1,2022-08-29 03:41:29
User_588,Hobby_6,2022-04-17 12:41:12,9,2021-03-09 19:34:13
User_589,Hobby_3,2023-10-31 21:43:52,6,2021-05-02 10:52:49
User_590,Hobby_8,2020-06-03 11:25:07,9,2024-03-08 00:45:19
User_591,Hobby_1,2022-03-25 10:52:51,4,2020-07-25 16:12:21
User_592,Hobby_8,2023-12-20 11:17:35,4,2024-03-15 04:52:10
User_593,Hobby_1,2023-07-17 03:21:01,1,2020-01-26 09:36:42
User_594,Hobby_8,2020-10-24 10:52:13,9,2024-04-01 14:40:02
User_595,Hobby_0,2022-02-04 14:40:27,6,2021-05-18 17:04:59
User_596,Hobby_6,2023-07-03 08:55:59,6,2023-07-16 20:58:02
User_597,Hobby_0,2022-08-29 17:45:28,1,2020-01-31 08:45:35
User_598,Hobby_2,2023-04-14 22:50:41,8,2022-10-29 06:29:43
User_599,Hobby_8,2020-07-24 13:29:36,4,2020-11-24 10:45:05
User_600,Hobby_9,2021-11-12 19:03:06,10,2022-05-28 10:25:51
User_601,Hobby_9,2022-10-15 20:28:19,4,2023-02-16 18:08:59
User_602,Hobby_8,2020-09-28 05:24:27,9,2021-11-21 16:30:38
User_603,Hobby_9,2021-03-28 03:48:13,4,2021-07-22 03:09:42
User_604,Hobby_2,2020-10-07 07:57:35,7,2023-02-28 12:56:28
User_605,Hobby_1,2020-02-19 09:41:32,10,2020-04-06 11:24:38
User_606,Hobby_9,2021-09-05 14:28:57,5,2022-02-25 15:37:13
User_607,Hobby_1,2022-07-11 05:37:09,2,2020-06-09 07:31:45
User_608,Hobby_4,2022-04-24 02:41:27,6,2022-02-20 03:47:35
User_609,Hobby_5,2021-12-15 05:10:26,3,2020-12-08 20:42:16
User_610,Hobby_9,2022-03-14 17:30:29,9,2021-07-16 16:02:12
User_611,Hobby_8,2023-06-10 16:21:07,9,2020-10-25 10:10:05
User_612,Hobby_4,2023-12-25 09:27:21,10,2022-11-13 15:08:27
User_613,Hobby_6,2023-05-17 03:06:38,9,2023-11-25 22:12:11
User_614,Hobby_3,2024-02-21 12:46:03,9,2023-08-26 17:05:54
User_615,Hobby_1,2023-07-20 19:08:11,5,2022-03-03 21:09:04
User_616,Hobby_2,2020-02-14 08:01:38,5,2023-12-12 23:22:31
User_617,Hobby_6,2023-04-20 11:28:20,1,2020-05-13 07:12:22
User_618,Hobby_4,2021-10-06 05:49:19,1,2020-02-01 05:57:15
User_619,Hobby_4,2020-04-27 15:35:30,10,2020-11-14 04:43:17
User_620,Hobby_4,2020-08-22 05:04:23,5,2021-12-26 11:41:15
User_621,Hobby_2,2021-09-11 10:04:52,3,2020-04-13 21:27:25
User_622,Hobby_8,2020-04-26 17:05:41,2,2020-11-23 01:13:09
User_623,Hobby_7,2020-09-10 17:27:06,7,2021-09-28 10:44:54
User_624,Hobby_8,2022-12-24 18:04:49,7,2021-10-06 14:03:08
User_625,Hobby_6,2022-09-07 21:11:43,6,2020-01-13 16:09:05
User_626,Hobby_0,2023-06-12 00:28:30,4,2020-09-12 01:45:49
User_627,Hobby_2,2020-05-19 20:09:21,5,2021-09-08 11:10:35
User_628,Hobby_6,2020-01-28 00:59:10,8,2021-10-06 11:52:50
User_629,Hobby_8,2021-07-02 19:55:05,6,2022-07-24 19:24:30
User_630,Hobby_6,2022-03-03 07:05:11,3,2020-05-12 11:29:20
User_631,Hobby_6,2021-06-09 18:10:14,2,2022-12-03 20:35:05
User_632,Hobby_9,2023-04-05 03:20:54,5,2020-11-11 15:05:34
User_633,Hobby_6,2022-12-15 10:38:48,7,2020-06-12 18:29:28
User_634,Hobby_9,2021-04-03 00:54:07,8,2020-09-08 02:24:08
User_635,Hobby_7,2023-02-25 04:03:30,3,2024-02-29 06:38:06
User_636,Hobby_5,2022-10-29 14:19:41,6,2021-12-10 04:42:30
User_637,Hobby_0,2023-09-10 17:00:26,7,2020-11-10 04:15:45
User_638,Hobby_8,2021-10-24 04:27:45,8,2022-12-03 20:05:02
User_639,Hobby_0,2023-09-15 01:10:11,5,2021-04-10 06:51:45
User_640,Hobby_8,2023-01-24 18:19:37,3,2020-07-23 10:03:05
User_641,Hobby_9,2022-04-16 07:33:01,10,2021-01-20 02:43:08
User_642,Hobby_2,2021-08-04 09:24:57,7,2022-08-11 18:25:30
User_643,Hobby_2,2020-03-19 09:52:52,2,2023-06-12 22:05:39
User_644,Hobby_6,2022-09-06 00:43:35,5,2023-05-17 23:51:31
User_645,Hobby_2,2020-05-08 13:47:20,5,2023-09-24 02:13:16
User_646,Hobby_4,2021-02-03 22:52:48,7,2023-08-10 05:06:12
User_647,Hobby_3,2020-06-10 17:53:07,7,2021-06-18 16:48:49
User_648,Hobby_3,2021-07-13 09:43:33,2,2021-06-04 08:28:45
User_649,Hobby_3,2023-02-17 23:24:00,7,2024-01-21 22:40:52
User_650,Hobby_3,2020-11-27 23:20:14,5,2023-11-09 19:46:04
User_651,Hobby_1,2022-04-12 05:10:00,5,2023-05-28 05:19:57
User_652,Hobby_0,2020-05-27 17:30:26,2,2020-01-30 04:38:15
User_653,Hobby_2,2022-09-07 17:13:41,6,2021-07-10 01:00:57
User_654,Hobby_1,2021-01-06 13:11:24,5,2021-08-25 18:43:50
User_655,Hobby_9,2020-03-26 08:40:34,7,2021-05-05 08:02:21
User_656,Hobby_8,2021-02-09 18:05:21,5,2020-04-18 11:29:55
User_657,Hobby_8,2021-09-14 10:16:22,10,2022-07-27 19:56:13
User_658,Hobby_1,2024-04-09 08:50:52,7,2021-04-24 21:26:48
User_659,Hobby_3,2023-12-17 22:05:22,6,2020-08-02 17:29:01
User_660,Hobby_2,2022-10-25 01:33:07,3,2021-12-23 06:17:29
User_661,Hobby_3,2021-09-06 02:16:58,6,2022-09-11 00:11:21
User_662,Hobby_9,2020-06-05 16:58:29,9,2021-01-25 00:13:25
User_663,Hobby_6,2020-01-16 05:15:51,9,2020-08-13 00:09:07
User_664,Hobby_2,2020-06-13 10:05:38,1,2021-07-11 22:48:39
User_665,Hobby_8,2022-04-06 21:52:14,6,2021-09-15 11:25:40
User_666,Hobby_4,2021-06-09 14:21:53,7,2021-10-03 17:16:53
User_667,Hobby_5,2023-11-10 16:33:57,2,2022-07-19 08:00:32
User_668,Hobby_2,2023-12-21 08:46:54,7,2023-02-02 15:48:56
User_669,Hobby_8,2023-09-12 14:00:41,1,2022-04-08 15:19:14
User_670,Hobby_0,2023-08-26 17:32:26,10,2021-01-25 20:29:41
User_671,Hobby_2,2020-01-16 13:09:14,2,2021-01-04 13:57:09
User_672,Hobby_2,2023-11-09 02:43:43,7,2020-03-28 04:36:41
User_673,Hobby_3,2020-07-01 16:59:48,6,2022-06-12 19:57:43
User_674,Hobby_6,2020-12-29 11:23:30,1,2021-07-22 03:13:58
User_675,Hobby_5,2022-02-01 06:01:05,9,2021-07-30 22:25:40
User_676,Hobby_3,2023-10-18 10:32:17,2,2023-03-26 05:51:10
User_677,Hobby_8,2020-08-09 08:30:42,3,2020-04-02 10:13:09
User_678,Hobby_1,2021-04-24 17:00:56,8,2023-05-20 22:19:57
User_679,Hobby_4,2021-10-18 14:26:31,6,2020-06-23 12:37:12
User_680,Hobby_6,2020-04-22 12:09:58,7,2020-12-01 16:40:43
User_681,Hobby_2,2020-11-10 19:34:11,6,2023-03-27 14:40:06
User_682,Hobby_6,2020-09-20 15:29:46,8,2022-09-22 16:47:57
User_683,Hobby_3,2021-12-29 17:16:22,9,2024-03-18 14:29:05
User_684,Hobby_6,2020-05-26 10:02:46,6,2020-11-22 04:04:02
User_685,Hobby_3,2021-08-30 05:29:36,3,2022-01-24 20:39:11
User_686,Hobby_5,2021-08-28 21:30:33,7,2023-12-17 05:18:29
User_687,Hobby_0,2021-02-04 12:47:59,7,2022-11-07 20:31:52
User_688,Hobby_5,2022-07-14 13:02:56,7,2023-05-13 06:00:04
User_689,Hobby_4,2022-06-17 19:33:07,4,2022-08-29 23:34:13
User_690,Hobby_7,2022-07-06 12:45:24,6,2021-05-29 22:26:25
User_691,Hobby_3,2022-12-11 07:42:38,1,2023-08-13 16:45:15
User_692,Hobby_5,2023-04-16 09:13:18,2,2023-11-05 23:49:18
User_693,Hobby_7,2023-08-18 07:53:31,8,2021-11-05 14:48:46
User_694,Hobby_8,2023-07-15 10:18:42,2,2023-08-19 11:08:56
User_695,Hobby_4,2020-08-03 02:19:08,1,2021-07-23 19:12:18
User_696,Hobby_0,2023-11-23 22:48:27,1,2021-02-06 12:02:41
User_697,Hobby_1,2020-07-07 07:15:40,6,2020-06-08 22:01:08
User_698,Hobby_8,2021-03-08 01:49:41,9,2022-10-24 14:22:17
User_699,Hobby_7,2022-10-11 19:51:22,10,2020-08-07 10:28:23
User_700,Hobby_6,2020-09-28 17:08:20,8,2023-12-09 18:54:19
User_701,Hobby_3,2021-09-11 18:07:39,8,2022-10-20 21:41:32
User_702,Hobby_8,2022-02-23 12:41:36,8,2023-01-12 20:51:34
User_703,Hobby_8,2024-04-08 07:08:39,9,2023-10-04 13:24:59
User_704,Hobby_9,2023-10-04 20:16:18,8,2022-01-31 04:34:28
User_705,Hobby_1,2021-04-30 17:48:00,4,2020-01-19 17:20:20
User_706,Hobby_6,2020-11-27 00:23:02,5,2023-08-13 00:28:10
User_707,Hobby_3,2023-10-08 11:58:52,3,2022-07-28 19:51:14
User_708,Hobby_6,2022-12-12 07:11:16,8,2023-08-18 06:50:59
User_709,Hobby_7,2020-08-10 23:07:03,3,2022-12-16 05:41:08
User_710,Hobby_8,2021-07-17 20:12:31,1,2021-05-18 16:50:41
User_711,Hobby_6,2022-02-19 00:52:32,7,2020-08-10 17:46:17
User_712,Hobby_9,2022-01-26 18:42:55,8,2021-07-13 17:40:07
User_713,Hobby_0,2020-10-20 18:32:50,7,2022-11-25 08:38:07
User_714,Hobby_5,2023-06-21 07:06:48,5,2024-02-29 15:42:11
User_715,Hobby_0,2023-07-31 20:46:39,9,2024-01-24 20:01:01
User_716,Hobby_7,2021-10-19 05:13:05,10,2020-06-04 08:17:06
User_717,Hobby_1,2024-04-08 15:50:15,10,2023-02-03 02:52:24
User_718,Hobby_9,2020-10-12 10:31:11,9,2021-08-23 10:48:37
User_719,Hobby_0,2022-06-10 11:38:13,4,2023-06-18 12:25:07
User_720,Hobby_9,2023-09-18 07:05:51,8,2023-11-25 21:57:33
User_721,Hobby_2,2023-10-07 08:55:24,8,2024-01-14 08:20:13
User_722,Hobby_5,2021-08-23 01:03:08,6,2020-07-05 21:46:53
User_723,Hobby_2,2023-09-16 04:29:23,5,2020-08-10 12:54:59
User_724,Hobby_8,2020-08-18 20:55:58,2,2021-04-18 17:07:40
User_725,Hobby_8,2021-12-16 09:16:14,3,2024-01-02 10:37:49
User_726,Hobby_0,2022-03-19 05:13:48,9,2020-07-08 03:13:12
User_727,Hobby_5,2022-08-22 11:49:29,4,2022-07-06 03:08:43
User_728,Hobby_7,2022-02-06 18:22:11,6,2022-01-18 20:49:06
User_729,Hobby_4,2021-06-12 09:22:37,3,2021-01-28 11:05:11
User_730,Hobby_4,2022-11-08 21:30:53,9,2022-10-30 22:54:09
User_731,Hobby_6,2022-12-20 06:58:17,1,2021-10-11 19:38:42
User_732,Hobby_4,2023-02-23 03:39:11,5,2023-07-21 23:06:31
User_733,Hobby_4,2022-08-18 20:08:34,2,2020-04-26 22:59:07
User_734,Hobby_3,2023-11-11 04:43:47,6,2023-04-23 02:48:40
User_735,Hobby_4,2022-10-29 09:34:44,10,2023-01-17 12:30:28
User_736,Hobby_2,2024-02-14 13:31:45,8,2023-01-26 09:02:33
User_737,Hobby_6,2021-06-16 05:46:32,6,2023-08-29 02:59:37
User_738,Hobby_9,2023-07-19 21:46:41,6,2023-03-05 22:35:36
User_739,Hobby_5,2023-01-30 05:16:12,8,2020-02-21 03:15:02
User_740,Hobby_1,2021-01-01 16:09:52,7,2020-06-24 15:10:20
User_741,Hobby_3,2023-03-26 11:47:52,8,2020-08-16 18:42:58
User_742,Hobby_4,2022-08-13 19:45:29,7,2023-12-18 15:30:46
User_743,Hobby_6,2023-09-11 02:00:46,7,2022-10-11 15:42:51
User_744,Hobby_9,2022-11-19 15:10:54,2,2023-12-26 05:08:43
User_745,Hobby_6,2024-03-21 09:47:30,2,2021-01-02 02:22:50
User_746,Hobby_8,2021-02-18 23:04:12,9,2023-03-24 21:34:06
User_747,Hobby_7,2022-01-16 21:39:20,4,2020-06-19 20:38:14
User_748,Hobby_4,2021-07-16 05:18:31,8,2023-12-22 00:26:15
User_749,Hobby_5,2021-02-06 14:09:41,6,2022-06-25 19:17:37
User_750,Hobby_1,2023-04-11 14:57:16,1,2020-09-06 13:20:12
User_751,Hobby_5,2021-02-27 20:24:57,8,2023-01-23 09:08:33
User_752,Hobby_6,2022-08-09 13:58:47,7,2021-11-15 10:50:11
User_753,Hobby_3,2023-12-06 05:31:29,8,2023-11-01 20:18:16
User_754,Hobby_7,2022-11-27 16:03:33,3,2022-10-26 17:00:30
User_755,Hobby_6,2020-04-07 20:15:15,4,2023-04-05 04:29:21
User_756,Hobby_8,2021-01-16 18:29:01,8,2023-12-26 05:48:44
User_757,Hobby_6,2021-02-27 21:10:00,8,2023-11-21 09:32:40
User_758,Hobby_2,2021-01-23 02:21:15,5,2020-04-25 15:28:46
User_759,Hobby_9,2023-07-31 18:18:29,4,2021-04-30 15:50:25
User_760,Hobby_0,2022-04-20 01:55:01,2,2021-10-12 18:26:54
User_761,Hobby_6,2024-03-22 12:53:52,1,2021-08-17 07:41:03
User_762,Hobby_6,2020-08-11 02:52:23,3,2021-05-06 15:20:02
User_763,Hobby_7,2023-03-08 10:45:16,10,2022-05-23 14:55:56
User_764,Hobby_1,2020-09-18 16:03:58,1,2020-05-27 07:57:36
User_765,Hobby_9,2020-04-16 02:26:23,6,2022-08-27 07:10:28
User_766,Hobby_0,2020-01-13 18:24:03,1,2022-06-19 05:04:33
User_767,Hobby_1,2020-06-06 23:29:10,3,2020-03-27 17:44:29
User_768,Hobby_1,2023-01-12 02:33:20,1,2021-09-15 18:01:16
User_769,Hobby_3,2022-04-01 06:49:45,2,2023-08-12 23:59:42
User_770,Hobby_9,2022-01-16 05:14:09,7,2022-04-20 00:53:19
User_771,Hobby_2,2020-12-12 14:08:00,2,2020-08-03 04:49:53
User_772,Hobby_2,2021-04-29 17:36:51,2,2023-08-23 12:42:25
User_773,Hobby_8,2021-12-03 22:40:22,5,2023-02-05 04:52:34
User_774,Hobby_3,2020-06-20 00:47:59,8,2022-07-15 03:10:11
User_775,Hobby_3,2024-02-15 10:26:30,4,2020-09-24 22:19:23
User_776,Hobby_7,2023-10-02 14:37:20,2,2020-07-01 13:46:57
User_777,Hobby_8,2023-12-14 21:52:45,2,2023-09-17 16:16:42
User_778,Hobby_0,2023-11-13 05:43:30,4,2020-07-08 22:25:55
User_779,Hobby_6,2023-05-29 16:10:05,1,2022-02-01 19:07:56
User_780,Hobby_6,2020-03-10 02:26:19,7,2022-01-08 05:45:44
User_781,Hobby_6,2023-11-01 08:48:31,3,2024-01-09 11:44:58
User_782,Hobby_1,2023-10-02 19:19:15,2,2021-12-26 23:21:08
User_783,Hobby_8,2021-07-07 14:22:30,9,2024-01-01 16:14:59
User_784,Hobby_5,2024-02-28 00:56:26,7,2022-05-24 02:30:19
User_785,Hobby_9,2021-09-19 07:00:36,8,2022-07-20 10:37:50
User_786,Hobby_9,2024-01-12 17:50:48,8,2023-04-19 08:45:56
User_787,Hobby_2,2020-07-30 16:43:48,1,2020-05-15 21:13:08
User_788,Hobby_6,2024-02-20 00:55:29,6,2024-02-17 20:05:51
User_789,Hobby_1,2023-03-15 14:16:57,2,2021-11-03 19:14:24
User_790,Hobby_8,2020-09-16 10:26:19,10,2022-01-14 02:54:47
User_791,Hobby_7,2023-02-12 23:54:01,4,2020-10-21 10:52:31
User_792,Hobby_4,2021-03-08 14:01:29,1,2023-07-09 01:21:41
User_793,Hobby_1,2021-11-04 20:49:16,4,2024-02-18 23:04:21
User_794,Hobby_6,2020-07-24 02:48:58,3,2022-07-03 03:54:00
User_795,Hobby_8,2021-04-06 03:33:09,5,2020-05-09 02:40:23
User_796,Hobby_8,2023-09-05 06:55:17,5,2020-10-10 22:10:46
User_797,Hobby_2,2024-03-26 09:09:52,4,2022-03-22 18:40:49
User_798,Hobby_4,2023-03-04 13:16:51,8,2023-05-01 18:44:57
User_799,Hobby_9,2020-03-13 20:49:57,8,2023-07-02 17:11:19
User_800,Hobby_7,2022-12-13 00:09:26,3,2020-10-06 00:01:50
User_801,Hobby_9,2024-03-27 20:39:03,5,2023-09-28 13:00:15
User_802,Hobby_0,2021-08-22 21:53:26,4,2023-04-28 17:58:29
User_803,Hobby_3,2021-06-05 18:15:08,9,2020-11-24 13:43:02
User_804,Hobby_8,2021-09-19 04:49:26,3,2023-07-06 05:17:34
User_805,Hobby_7,2021-08-19 06:46:52,7,2021-04-19 08:28:05
User_806,Hobby_1,2021-11-08 18:15:41,1,2023-04-07 07:08:04
User_807,Hobby_0,2021-03-15 10:02:48,6,2023-03-23 03:02:31
User_808,Hobby_0,2022-05-25 04:27:40,1,2023-10-17 10:43:43
User_809,Hobby_9,2021-12-05 06:30:59,2,2023-07-13 20:01:57
User_810,Hobby_5,2022-11-04 07:20:41,7,2020-11-25 01:53:45
User_811,Hobby_4,2024-02-19 18:52:16,3,2022-03-27 19:13:25
User_812,Hobby_7,2021-04-07 14:42:42,6,2022-09-15 11:58:19
User_813,Hobby_4,2021-01-05 16:18:09,8,2023-12-14 00:30:50
User_814,Hobby_2,2022-07-13 07:04:42,8,2020-12-21 15:40:53
User_815,Hobby_7,2022-09-16 12:19:26,8,2023-07-22 18:37:41
User_816,Hobby_2,2023-08-09 07:19:35,9,2024-04-08 23:32:50
User_817,Hobby_1,2021-07-13 23:22:27,2,2020-05-11 11:23:16
User_818,Hobby_9,2021-02-14 01:05:46,7,2021-04-04 23:38:45
User_819,Hobby_9,2023-04-10 03:17:35,9,2023-11-17 08:04:18
User_820,Hobby_4,2020-08-18 22:42:58,10,2020-06-30 19:49:46
User_821,Hobby_6,2022-08-08 22:19:00,1,2023-08-30 01:22:27
User_822,Hobby_1,2020-06-28 04:13:44,7,2020-12-26 05:38:10
User_823,Hobby_1,2021-01-24 07:19:04,4,2023-11-26 22:08:11
User_824,Hobby_1,2021-03-20 08:52:46,9,2022-04-15 05:57:40
User_825,Hobby_1,2021-10-02 15:50:41,8,2023-11-17 00:02:44
User_826,Hobby_7,2022-11-19 13:34:39,6,2020-06-20 08:31:47
User_827,Hobby_5,2021-07-02 20:44:37,1,2022-10-17 06:35:14
User_828,Hobby_5,2020-09-28 22:42:06,4,2022-07-30 09:26:42
User_829,Hobby_7,2020-05-29 05:31:26,3,2023-08-04 13:02:57
User_830,Hobby_3,2022-07-05 04:21:56,2,2020-07-22 02:04:11
User_831,Hobby_8,2020-06-11 18:41:27,2,2023-11-19 20:31:45
User_832,Hobby_0,2021-02-13 21:21:14,7,2022-05-25 00:17:31
User_833,Hobby_6,2022-02-04 15:57:14,4,2020-08-02 23:10:19
User_834,Hobby_7,2022-02-15 13:43:16,5,2021-12-24 13:15:02
User_835,Hobby_6,2021-08-27 13:12:33,6,2020-05-28 21:02:58
User_836,Hobby_4,2020-01-19 01:09:06,7,2022-01-26 23:33:36
User_837,Hobby_0,2021-10-21 05:11:56,3,2022-01-03 15:15:10
User_838,Hobby_5,2023-08-28 03:24:09,7,2020-06-22 04:52:36
User_839,Hobby_1,2022-05-06 07:43:31,10,2023-07-17 09:41:32
User_840,Hobby_0,2023-02-13 12:29:19,2,2021-07-26 13:24:50
User_841,Hobby_2,2023-10-07 16:11:36,1,2020-03-09 00:46:23
User_842,Hobby_1,2022-01-01 11:14:06,5,2024-04-05 10:15:39
User_843,Hobby_7,2024-03-25 01:30:23,3,2020-12-30 01:14:53
User_844,Hobby_3,2022-05-12 08:08:58,5,2022-10-11 19:38:25
User_845,Hobby_1,2020-01-06 13:43:31,10,2021-08-23 03:08:36
User_846,Hobby_8,2022-12-12 12:47:41,9,2023-05-07 00:44:58
User_847,Hobby_4,2021-03-14 16:03:55,3,2021-10-05 19:28:39
User_848,Hobby_7,2022-09-05 05:36:34,7,2020-10-23 19:23:41
User_849,Hobby_7,2021-07-02 05:36:52,8,2023-12-25 20:04:07
User_850,Hobby_1,2020-07-12 03:35:58,10,2021-02-10 10:03:05
User_851,Hobby_0,2022-01-25 23:33:28,7,2023-09-09 17:30:03
User_852,Hobby_4,2022-12-08 07:33:11,5,2021-02-13 01:37:54
User_853,Hobby_4,2021-03-27 07:21:30,6,2023-01-27 18:24:15
User_854,Hobby_0,2021-03-12 03:33:53,6,2022-05-21 20:19:45
User_855,Hobby_4,2021-01-09 20:35:40,10,2021-06-02 02:29:40
User_856,Hobby_3,2022-02-14 20:43:02,5,2022-10-11 16:01:21
User_857,Hobby_5,2021-01-03 08:07:27,4,2021-11-09 13:09:27
User_858,Hobby_2,2020-02-22 18:29:40,7,2022-06-22 17:35:41
User_859,Hobby_6,2022-06-29 10:53:53,5,2020-07-05 13:53:03
User_860,Hobby_1,2024-01-22 11:46:37,10,2020-05-31 02:00:07
User_861,Hobby_8,2021-09-21 03:53:25,1,2023-03-09 11:33:33
User_862,Hobby_0,2020-02-25 09:36:58,2,2021-08-25 16:30:38
User_863,Hobby_5,2022-10-05 02:33:48,3,2023-08-01 10:26:47
User_864,Hobby_6,2021-08-18 18:34:11,1,2022-01-09 02:23:21
User_865,Hobby_3,2022-12-22 11:19:57,3,2021-03-09 12:02:37
User_866,Hobby_6,2021-10-12 13:52:17,8,2022-05-16 17:44:07
User_867,Hobby_4,2020-02-28 23:57:46,9,2021-09-13 18:39:25
User_868,Hobby_2,2021-07-02 16:00:34,2,2022-04-11 10:55:06
User_869,Hobby_2,2023-08-14 06:58:07,8,2023-11-12 19:24:42
User_870,Hobby_9,2022-12-08 12:18:17,10,2023-10-24 11:11:40
User_871,Hobby_9,2021-09-22 13:50:27,3,2022-03-15 16:22:46
User_872,Hobby_0,2021-12-19 20:31:30,8,2023-06-09 04:21:54
User_873,Hobby_2,2022-12-24 12:12:03,3,2021-10-16 18:22:20
User_874,Hobby_4,2022-09-24 14:24:43,7,2024-02-01 20:34:12
User_875,Hobby_5,2020-07-11 09:01:50,1,2020-11-06 14:54:09
User_876,Hobby_7,2023-03-19 13:33:10,8,2021-08-24 03:16:41
User_877,Hobby_6,2021-12-01 14:47:31,8,2023-05-01 15:14:26
User_878,Hobby_2,2022-01-28 04:23:07,2,2021-11-07 11:36:53
User_879,Hobby_2,2024-01-23 03:15:36,9,2021-07-04 06:55:56
User_880,Hobby_2,2022-04-20 16:11:51,7,2023-11-07 09:05:11
User_881,Hobby_8,2021-05-06 05:45:56,9,2021-12-09 07:14:29
User_882,Hobby_7,2021-10-14 12:16:35,2,2020-12-28 12:43:50
User_883,Hobby_8,2022-11-29 11:18:20,3,2020-09-01 08:41:28
User_884,Hobby_8,2020-03-14 11:50:34,6,2020-03-06 09:51:11
User_885,Hobby_5,2023-06-01 00:11:06,9,2020-03-29 16:43:17
User_886,Hobby_9,2021-12-29 05:10:46,2,2020-09-02 03:46:04
User_887,Hobby_0,2023-05-23 00:01:37,8,2020-08-04 05:31:54
User_888,Hobby_4,2023-05-22 23:43:51,2,2021-10-06 10:32:26
User_889,Hobby_8,2020-03-16 10:24:48,1,2023-06-01 10:54:41
User_890,Hobby_3,2023-10-09 08:33:08,5,2022-04-29 02:40:29
User_891,Hobby_8,2022-06-20 19:34:36,4,2022-09-22 09:09:27
User_892,Hobby_5,2023-06-15 22:33:27,6,2022-04-24 10:08:12
User_893,Hobby_0,2022-01-25 10:20:16,5,2021-04-09 20:24:45
User_894,Hobby_8,2020-01-24 08:48:15,5,2021-11-23 03:36:43
User_895,Hobby_5,2024-01-01 03:40:00,8,2022-04-28 09:19:46
User_896,Hobby_0,2021-01-12 07:02:25,9,2021-07-01 00:21:47
User_897,Hobby_1,2020-08-12 18:41:21,2,2022-06-15 21:59:21
User_898,Hobby_0,2021-09-22 04:34:37,5,2024-01-08 05:15:44
User_899,Hobby_0,2022-02-21 04:44:17,3,2020-08-05 07:47:23
User_900,Hobby_1,2021-12-15 16:22:56,2,2023-02-05 07:39:03
User_901,Hobby_1,2021-03-17 11:16:58,10,2022-12-16 00:46:33
User_902,Hobby_0,2023-10-19 08:13:04,8,2024-01-18 10:50:35
User_903,Hobby_2,2020-08-02 07:56:39,10,2022-07-16 10:01:50
User_904,Hobby_5,2020-04-09 01:58:35,2,2021-11-06 08:56:51
User_905,Hobby_7,2021-04-10 12:59:20,4,2020-11-09 07:55:54
User_906,Hobby_6,2021-12-28 13:12:28,8,2021-07-25 06:07:17
User_907,Hobby_2,2020-06-26 22:04:37,6,2023-08-01 03:44:00
User_908,Hobby_4,2023-08-12 05:45:24,5,2022-09-30 04:21:36
User_909,Hobby_1,2020-11-21 20:25:42,8,2022-05-27 14:02:54
User_910,Hobby_4,2020-12-08 07:18:16,9,2021-05-12 01:32:08
User_911,Hobby_9,2022-09-21 16:52:45,3,2021-09-28 01:28:50
User_912,Hobby_1,2022-05-16 17:52:20,8,2023-12-27 09:06:03
User_913,Hobby_5,2021-08-16 04:47:10,10,2020-12-27 16:33:30
User_914,Hobby_1,2020-03-04 03:27:01,6,2022-09-23 09:13:36
User_915,Hobby_1,2020-02-20 20:27:55,3,2023-09-04 19:50:32
User_916,Hobby_8,2022-05-02 21:29:17,6,2020-12-11 02:02:51
User_917,Hobby_5,2021-03-03 13:37:29,2,2022-10-30 21:11:34
User_918,Hobby_8,2022-04-03 11:55:05,9,2022-09-15 15:57:29
User_919,Hobby_2,2021-02-17 21:26:12,8,2022-12-25 23:46:47
User_920,Hobby_6,2021-01-25 18:40:40,7,2023-02-24 18:56:51
User_921,Hobby_6,2021-08-04 14:16:10,6,2021-07-09 11:40:30
User_922,Hobby_4,2020-07-09 07:23:41,5,2020-03-25 14:18:19
User_923,Hobby_4,2022-09-24 12:59:37,8,2023-07-13 14:56:52
User_924,Hobby_0,2020-10-05 23:15:09,7,2023-12-16 22:37:44
User_925,Hobby_3,2021-12-13 01:14:30,10,2022-03-13 05:24:13
User_926,Hobby_3,2022-08-26 14:52:17,5,2020-05-17 16:26:46
User_927,Hobby_7,2021-03-15 05:51:02,2,2022-04-11 20:04:08
User_928,Hobby_1,2023-07-29 00:33:01,5,2020-06-17 02:48:26
User_929,Hobby_2,2022-12-04 19:22:09,4,2023-09-10 22:38:02
User_930,Hobby_0,2021-03-02 21:26:23,7,2021-07-17 17:14:55
User_931,Hobby_9,2022-10-30 13:40:37,5,2023-08-05 21:47:57
User_932,Hobby_9,2022-07-09 23:57:31,5,2022-05-28 04:00:19
User_933,Hobby_1,2021-05-06 01:00:18,4,2021-04-09 07:53:41
User_934,Hobby_2,2021-12-19 04:12:24,10,2021-04-10 03:31:40
User_935,Hobby_1,2022-03-11 16:49:17,4,2023-09-24 07:39:06
User_936,Hobby_5,2023-01-16 11:03:37,8,2021-09-14 03:28:08
User_937,Hobby_7,2021-09-24 07:01:29,6,2023-06-09 20:07:16
User_938,Hobby_4,2020-09-26 18:42:29,9,2021-05-22 12:48:41
User_939,Hobby_1,2022-01-24 11:19:15,7,2023-10-16 00:00:49
User_940,Hobby_4,2020-10-03 20:43:24,4,2023-07-08 11:04:10
User_941,Hobby_5,2023-08-01 04:03:52,4,2023-03-09 04:00:52
User_942,Hobby_7,2022-07-21 08:56:18,5,2023-03-13 19:07:48
User_943,Hobby_5,2020-03-29 12:32:48,10,2022-05-30 11:44:31
User_944,Hobby_2,2020-07-23 22:24:39,1,2020-07-21 14:22:36
User_945,Hobby_9,2021-07-24 13:09:37,6,2020-11-24 05:18:50
User_946,Hobby_5,2023-10-31 20:06:04,3,2021-02-22 00:25:22
User_947,Hobby_0,2020-09-16 13:40:28,7,2021-10-05 20:48:16
User_948,Hobby_9,2020-05-04 00:50:54,9,2023-03-26 06:42:12
User_949,Hobby_9,2021-05-31 00:10:23,2,2022-06-19 21:27:08
User_950,Hobby_7,2022-08-04 18:51:25,6,2021-11-15 19:20:52
User_951,Hobby_6,2020-06-21 08:12:15,5,2020-04-25 19:47:42
User_952,Hobby_8,2021-05-09 07:56:52,7,2021-07-21 10:04:55
User_953,Hobby_9,2021-02-28 02:29:29,8,2021-07-29 04:42:41
User_954,Hobby_2,2020-10-31 16:36:33,9,2021-09-26 23:12:07
User_955,Hobby_2,2020-07-08 13:10:08,10,2021-09-16 07:27:16
User_956,Hobby_8,2022-09-16 03:18:41,3,2020-10-04 12:04:26
User_957,Hobby_5,2024-02-07 19:53:16,3,2021-08-02 20:07:27
User_958,Hobby_2,2023-02-04 01:13:14,7,2020-10-27 14:55:12
User_959,Hobby_3,2021-02-04 00:47:24,1,2023-07-04 18:15:11
User_960,Hobby_5,2023-01-27 08:59:08,4,2021-12-28 08:37:04
User_961,Hobby_1,2023-11-05 12:12:19,4,2022-11-29 04:12:28
User_962,Hobby_0,2020-10-08 17:09:31,9,2021-06-09 07:07:39
User_963,Hobby_3,2021-03-29 16:39:22,8,2020-05-21 09:27:24
User_964,Hobby_5,2023-10-05 03:41:32,9,2023-04-21 09:02:42
User_965,Hobby_5,2020-10-17 23:58:34,9,2021-01-29 11:59:45
User_966,Hobby_3,2020-01-10 21:50:15,1,2022-05-28 08:49:54
User_967,Hobby_0,2023-01-19 18:05:33,1,2022-04-29 06:58:03
User_968,Hobby_0,2024-01-27 15:45:52,3,2020-04-22 09:03:05
User_969,Hobby_5,2023-04-13 22:44:04,6,2020-03-21 04:27:19
User_970,Hobby_7,2021-11-16 21:27:40,7,2024-02-21 20:51:38
User_971,Hobby_5,2022-10-17 18:48:47,3,2021-05-10 05:19:46
User_972,Hobby_6,2020-11-04 06:10:47,5,2021-04-22 19:19:20
User_973,Hobby_7,2020-09-28 20:41:47,9,2024-01-05 05:20:22
User_974,Hobby_6,2020-06-09 08:28:13,8,2022-08-31 05:49:11
User_975,Hobby_7,2022-12-23 07:59:19,9,2021-09-08 00:12:04
User_976,Hobby_1,2021-09-14 02:39:39,5,2020-03-09 00:43:11
User_977,Hobby_3,2024-01-12 06:53:44,8,2021-05-09 13:12:39
User_978,Hobby_6,2020-07-15 04:37:50,6,2021-04-21 11:55:58
User_979,Hobby_0,2021-01-08 14:58:51,2,2021-05-11 00:18:08
User_980,Hobby_6,2022-04-09 18:19:51,7,2022-03-23 03:43:53
User_981,Hobby_3,2024-03-20 00:42:22,9,2020-10-03 03:52:52
User_982,Hobby_2,2021-11-21 16:10:58,3,2022-10-20 08:27:55
User_983,Hobby_0,2023-08-10 23:23:27,6,2023-02-05 18:04:20
User_984,Hobby_7,2023-04-07 10:05:34,2,2022-11-07 02:16:11
User_985,Hobby_9,2024-02-07 11:53:06,6,2021-04-01 23:47:44
User_986,Hobby_9,2020-05-06 18:58:23,2,2022-09-02 20:18:51
User_987,Hobby_1,2024-03-10 13:08:45,4,2020-10-15 01:35:56
User_988,Hobby_3,2020-04-17 08:18:59,8,2020-05-04 09:29:17
User_989,Hobby_5,2021-07-18 07:54:24,4,2022-06-25 05:15:18
User_990,Hobby_4,2023-07-18 20:19:47,2,2022-06-06 15:51:59
User_991,Hobby_0,2023-09-19 17:31:20,5,2023-10-19 19:08:54
User_992,Hobby_0,2021-02-07 14:29:47,8,2021-05-16 03:29:31
User_993,Hobby_7,2023-02-05 09:36:01,8,2020-01-12 01:46:01
User_994,Hobby_1,2021-08-19 21:16:05,10,2024-02-11 15:14:04
User_995,Hobby_7,2022-10-29 20:18:03,9,2022-10-21 01:31:44
User_996,Hobby_3,2023-06-05 22:24:49,4,2022-04-24 13:32:59
User_997,Hobby_8,2024-02-09 22:20:31,10,2021-07-28 21:46:28
User_998,Hobby_7,2020-03-15 14:26:51,4,2021-09-26 00:15:31
User_999,Hobby_0,2023-12-07 18:51:17,4,2023-05-04 02:32:17
User_1000,Hobby_4,2021-07-11 19:09:23,10,2022-03-20 10:27:51
User_1001,Hobby_2,2020-07-31 14:00:06,3,2020-04-19 09:41:45
User_1002,Hobby_5,2022-07-04 01:20:41,5,2023-04-27 02:23:55
User_1003,Hobby_4,2023-04-15 00:04:40,9,2024-03-21 21:05:44
User_1004,Hobby_7,2021-01-01 06:17:05,7,2020-02-27 07:03:33
User_1005,Hobby_8,2022-12-05 14:31:48,5,2023-05-20 19:40:31
User_1006,Hobby_3,2021-06-25 12:36:17,1,2020-10-18 15:46:24
User_1007,Hobby_2,2023-12-12 09:59:48,6,2021-12-05 16:11:44
User_1008,Hobby_4,2023-09-05 09:09:29,6,2020-04-19 12:50:27
User_1009,Hobby_7,2021-10-08 17:33:33,4,2024-01-04 03:21:58
User_1010,Hobby_1,2021-11-13 04:18:17,8,2022-04-25 20:02:14
User_1011,Hobby_3,2021-08-07 03:12:08,4,2021-05-02 05:56:38
User_1012,Hobby_9,2021-01-09 08:32:04,5,2020-02-26 18:09:17
User_1013,Hobby_7,2022-05-14 08:57:10,5,2021-12-05 12:38:27
User_1014,Hobby_9,2020-06-26 05:12:57,7,2021-03-07 08:08:38
User_1015,Hobby_7,2021-04-21 13:58:51,1,2023-03-25 18:49:35
User_1016,Hobby_9,2022-11-20 01:54:27,5,2020-12-26 10:44:36
User_1017,Hobby_4,2022-09-26 10:25:50,9,2023-11-05 00:52:33
User_1018,Hobby_1,2023-01-14 10:52:14,5,2022-10-06 00:20:37
User_1019,Hobby_6,2023-06-30 15:15:13,2,2024-03-27 15:56:49
User_1020,Hobby_4,2020-11-04 14:51:21,1,2022-09-06 20:18:19
User_1021,Hobby_1,2020-05-04 05:12:38,5,2022-05-21 10:30:07
User_1022,Hobby_2,2020-03-31 18:51:20,3,2024-02-02 04:36:30
User_1023,Hobby_4,2023-08-07 04:56:26,8,2023-10-06 22:20:09
User_1024,Hobby_2,2024-01-28 05:59:23,6,2022-12-24 15:16:21
User_1025,Hobby_9,2021-12-27 21:13:42,3,2022-01-24 08:09:41
User_1026,Hobby_1,2021-03-30 06:37:48,9,2021-07-16 08:41:53
User_1027,Hobby_5,2023-03-13 07:13:32,2,2020-09-11 10:44:52
User_1028,Hobby_1,2023-12-17 09:02:01,3,2022-12-18 10:48:18
User_1029,Hobby_9,2021-09-29 02:23:58,7,2023-08-19 17:25:52
User_1030,Hobby_4,2020-08-22 08:37:15,7,2020-12-03 06:35:55
User_1031,Hobby_3,2020-08-12 09:23:35,8,2022-09-18 09:36:43
User_1032,Hobby_3,2020-11-10 13:16:54,8,2020-01-10 01:18:50
User_1033,Hobby_2,2023-01-24 07:52:03,8,2023-07-05 23:12:40
User_1034,Hobby_1,2021-11-28 04:29:29,1,2020-08-03 09:04:36
User_1035,Hobby_4,2024-01-13 05:10:30,10,2021-12-15 01:52:55
User_1036,Hobby_2,2023-11-30 04:39:57,5,2023-07-06 14:45:52
User_1037,Hobby_1,2024-02-11 13:37:41,4,2020-12-20 05:14:54
User_1038,Hobby_9,2022-03-29 12:08:02,2,2021-02-21 11:57:51
User_1039,Hobby_7,2022-12-28 01:44:06,1,2023-11-15 23:57:28
User_1040,Hobby_5,2022-04-19 22:40:04,2,2023-10-31 23:53:10
User_1041,Hobby_0,2022-04-13 14:51:12,6,2022-07-05 03:09:51
User_1042,Hobby_9,2023-09-12 18:49:13,8,2022-11-11 22:22:52
User_1043,Hobby_6,2024-01-16 21:03:06,3,2023-12-25 18:23:11
User_1044,Hobby_6,2023-09-24 17:45:23,8,2020-09-15 09:34:15
User_1045,Hobby_3,2022-12-31 14:07:41,7,2022-12-14 23:21:49
User_1046,Hobby_9,2021-05-03 11:43:30,4,2021-05-12 05:52:38
User_1047,Hobby_2,2022-09-26 00:12:26,2,2020-01-19 10:29:54
User_1048,Hobby_1,2021-09-23 13:39:02,10,2023-01-07 14:32:38
User_1049,Hobby_0,2022-10-09 07:26:37,3,2021-03-15 13:06:33
User_1050,Hobby_4,2023-12-23 23:46:34,9,2023-03-21 01:09:52
User_1051,Hobby_4,2022-11-16 19:43:23,4,2020-10-03 18:41:35
User_1052,Hobby_9,2022-06-13 14:06:04,7,2023-04-09 21:16:02
User_1053,Hobby_7,2023-11-04 11:44:27,6,2020-02-07 11:05:27
User_1054,Hobby_1,2022-07-10 23:40:54,9,2021-08-27 23:55:59
User_1055,Hobby_4,2023-04-15 14:48:25,4,2021-09-09 02:36:55
User_1056,Hobby_5,2022-06-14 01:48:51,10,2022-10-13 21:48:05
User_1057,Hobby_6,2020-07-24 20:01:10,5,2020-03-01 19:05:18
User_1058,Hobby_4,2020-12-02 23:00:23,5,2022-12-20 19:59:46
User_1059,Hobby_2,2024-03-30 08:36:35,9,2020-12-19 13:57:12
User_1060,Hobby_8,2022-07-12 09:41:20,7,2022-06-21 05:18:52
User_1061,Hobby_9,2021-03-12 09:22:54,5,2021-12-18 18:40:13
User_1062,Hobby_8,2020-05-18 14:23:09,7,2020-11-11 16:21:18
User_1063,Hobby_6,2023-08-14 19:04:44,9,2020-10-01 18:05:17
User_1064,Hobby_3,2024-03-06 11:53:08,8,2022-11-02 11:43:44
User_1065,Hobby_5,2023-06-03 03:45:04,7,2022-06-06 16:56:39
User_1066,Hobby_8,2020-10-12 16:36:35,6,2020-02-01 08:58:13
User_1067,Hobby_0,2021-07-17 00:49:38,2,2023-04-06 19:55:01
User_1068,Hobby_8,2021-03-30 19:18:36,10,2021-06-05 08:37:31
User_1069,Hobby_0,2022-12-29 05:23:26,3,2020-04-21 18:19:37
User_1070,Hobby_5,2023-01-03 23:15:27,7,2020-02-12 20:47:59
User_1071,Hobby_5,2023-09-26 01:25:06,5,2020-03-31 22:31:05
User_1072,Hobby_0,2021-12-25 17:42:51,10,2024-04-01 23:20:09
User_1073,Hobby_4,2020-08-06 12:23:34,8,2020-10-19 20:00:50
User_1074,Hobby_8,2022-05-13 08:03:36,10,2023-04-04 07:24:37
User_1075,Hobby_3,2020-01-28 11:49:42,3,2022-04-04 07:09:50
User_1076,Hobby_8,2021-04-17 13:39:50,3,2023-11-17 21:34:07
User_1077,Hobby_2,2022-03-27 08:17:25,8,2022-07-30 22:13:31
User_1078,Hobby_0,2020-08-06 14:37:21,8,2023-09-11 01:12:53
User_1079,Hobby_3,2022-11-11 13:50:14,5,2020-06-30 11:08:01
User_1080,Hobby_4,2022-09-30 02:06:05,5,2022-05-16 21:40:58
User_1081,Hobby_4,2022-01-08 23:10:52,5,2020-11-14 09:35:18
User_1082,Hobby_7,2022-01-19 16:00:37,6,2021-01-24 02:50:43
User_1083,Hobby_2,2023-12-12 17:58:41,2,2022-09-12 10:02:31
User_1084,Hobby_7,2021-04-09 05:22:08,6,2023-07-30 11:18:53
User_1085,Hobby_3,2021-09-23 14:28:19,9,2022-03-23 07:16:07
User_1086,Hobby_4,2020-03-12 06:19:51,10,2021-11-24 04:31:30
User_1087,Hobby_1,2020-03-29 22:33:34,10,2020-06-12 01:50:00
User_1088,Hobby_3,2022-12-20 21:22:44,9,2022-01-05 09:51:46
User_1089,Hobby_8,2020-12-17 17:29:48,5,2020-12-11 17:35:04
User_1090,Hobby_2,2020-02-13 07:20:18,6,2020-07-09 21:21:04
User_1091,Hobby_7,2021-12-20 01:17:40,2,2023-10-04 08:30:46
User_1092,Hobby_9,2022-07-17 22:13:51,5,2023-11-21 18:27:15
User_1093,Hobby_7,2023-03-05 12:17:39,8,2020-02-16 17:59:06
User_1094,Hobby_7,2022-10-04 22:30:43,4,2023-05-10 03:24:43
User_1095,Hobby_0,2021-12-20 05:16:13,3,2020-01-12 09:27:10
User_1096,Hobby_8,2022-09-22 00:50:29,1,2023-04-16 06:58:28
User_1097,Hobby_2,2022-11-09 17:11:49,5,2023-05-24 10:51:34
User_1098,Hobby_0,2022-05-27 08:53:03,8,2020-06-24 22:44:51
User_1099,Hobby_0,2023-06-15 21:05:10,4,2023-07-19 01:31:44
User_1100,Hobby_0,2023-09-12 14:16:55,7,2023-04-16 08:09:32
User_1101,Hobby_3,2023-11-15 09:11:17,8,2022-11-06 08:23:00
User_1102,Hobby_8,2022-07-05 07:09:44,5,2024-01-22 08:25:01
User_1103,Hobby_3,2022-10-19 22:30:39,7,2020-04-01 10:45:44
User_1104,Hobby_7,2020-07-29 06:07:27,3,2020-03-14 08:53:06
User_1105,Hobby_7,2022-01-24 05:22:06,2,2023-03-28 09:17:40
User_1106,Hobby_7,2023-06-29 22:19:40,1,2021-03-16 14:36:08
User_1107,Hobby_4,2023-12-31 15:39:54,9,2023-06-27 21:34:02
User_1108,Hobby_2,2022-12-18 09:13:21,5,2023-08-27 16:32:11
User_1109,Hobby_5,2021-03-30 12:13:44,6,2022-04-15 23:55:03
User_1110,Hobby_1,2023-12-18 12:51:44,5,2023-07-06 04:46:37
User_1111,Hobby_2,2021-02-05 08:35:25,10,2023-08-25 11:12:20
User_1112,Hobby_7,2020-03-01 02:18:29,8,2020-01-12 15:15:51
User_1113,Hobby_4,2023-05-28 23:09:08,7,2022-12-26 03:48:52
User_1114,Hobby_5,2022-01-29 05:46:41,3,2021-12-29 18:12:02
User_1115,Hobby_7,2022-10-12 23:43:27,8,2022-03-28 03:58:12
User_1116,Hobby_8,2020-06-04 03:45:57,8,2024-02-17 21:01:19
User_1117,Hobby_1,2022-10-03 04:36:19,8,2022-11-25 09:42:15
User_1118,Hobby_6,2024-03-18 10:19:07,5,2021-10-08 20:42:49
User_1119,Hobby_3,2021-12-14 21:25:17,9,2020-02-03 16:59:44
User_1120,Hobby_3,2022-10-24 03:07:10,1,2022-10-26 18:11:47
User_1121,Hobby_6,2020-04-17 06:14:47,9,2021-11-22 23:01:03
User_1122,Hobby_9,2022-06-14 00:46:40,4,2023-12-12 12:57:39
User_1123,Hobby_0,2021-10-31 18:25:05,2,2023-12-16 09:12:27
User_1124,Hobby_8,2023-08-09 09:16:03,6,2022-07-20 23:07:18
User_1125,Hobby_0,2020-03-19 13:11:37,6,2020-09-05 07:08:46
User_1126,Hobby_5,2020-07-17 00:53:21,9,2022-01-06 10:05:27
User_1127,Hobby_0,2022-02-14 16:25:07,3,2022-12-18 00:37:00
User_1128,Hobby_4,2023-10-28 23:18:02,5,2021-03-29 08:19:45
User_1129,Hobby_6,2023-06-05 23:34:12,1,2022-11-24 19:32:25
User_1130,Hobby_7,2020-04-08 18:37:40,3,2021-10-26 21:48:11
User_1131,Hobby_0,2023-11-26 20:46:15,4,2022-06-14 16:38:49
User_1132,Hobby_4,2020-12-21 17:27:47,5,2022-09-01 11:57:41
User_1133,Hobby_3,2023-12-12 09:32:42,8,2020-01-28 10:35:59
User_1134,Hobby_9,2022-10-08 18:35:42,2,2021-05-16 16:35:40
User_1135,Hobby_3,2022-08-25 04:27:46,4,2020-09-09 02:20:46
User_1136,Hobby_6,2020-08-14 03:55:15,10,2020-10-04 22:07:00
User_1137,Hobby_1,2020-11-21 11:02:46,10,2021-11-10 23:06:27
User_1138,Hobby_3,2021-02-02 06:51:32,7,2021-10-30 21:04:34
User_1139,Hobby_4,2020-01-07 23:51:29,5,2020-09-02 23:54:20
User_1140,Hobby_0,2024-02-10 02:04:20,9,2023-06-13 21:13:39
User_1141,Hobby_8,2023-11-08 03:00:40,9,2020-07-08 07:15:25
User_1142,Hobby_5,2023-09-23 04:49:56,8,2021-11-13 16:41:05
User_1143,Hobby_3,2021-07-01 03:15:27,2,2020-01-31 23:44:56
User_1144,Hobby_3,2020-02-13 16:41:38,5,2021-04-16 16:50:39
User_1145,Hobby_9,2023-11-18 04:25:24,1,2023-07-27 04:02:26
User_1146,Hobby_6,2021-12-29 09:21:40,6,2023-11-07 04:20:43
User_1147,Hobby_9,2024-02-23 17:24:45,2,2021-01-10 03:44:04
User_1148,Hobby_9,2021-07-06 14:16:41,9,2024-03-03 17:09:16
User_1149,Hobby_0,2021-11-09 04:44:36,5,2020-11-03 20:56:30
User_1150,Hobby_5,2022-03-27 04:47:14,3,2020-05-13 20:00:18
User_1151,Hobby_3,2021-01-12 17:43:01,10,2021-07-13 06:31:02
User_1152,Hobby_2,2022-08-10 06:13:48,7,2022-04-13 18:04:29
User_1153,Hobby_6,2024-02-28 13:11:42,7,2024-03-24 11:30:38
User_1154,Hobby_9,2020-03-13 11:20:29,8,2024-02-19 02:35:01
User_1155,Hobby_9,2023-11-19 12:35:09,10,2022-06-17 03:52:36
User_1156,Hobby_4,2022-10-07 00:12:32,10,2021-04-07 01:18:58
User_1157,Hobby_7,2020-07-12 22:52:43,8,2023-11-20 19:10:53
User_1158,Hobby_1,2021-05-31 06:29:09,5,2023-09-26 03:45:32
User_1159,Hobby_5,2023-04-20 02:35:42,2,2022-12-26 13:36:33
User_1160,Hobby_8,2022-04-14 06:19:36,6,2022-08-30 19:30:35
User_1161,Hobby_6,2021-05-27 20:24:33,2,2023-06-27 13:24:44
User_1162,Hobby_1,2023-05-22 03:43:09,10,2022-07-08 14:13:49
User_1163,Hobby_7,2023-01-20 01:52:25,10,2023-01-25 20:47:36
User_1164,Hobby_4,2023-09-22 01:46:30,8,2022-03-02 01:06:40
User_1165,Hobby_1,2022-10-16 14:40:20,1,2021-10-10 22:23:00
User_1166,Hobby_5,2020-07-19 02:34:11,6,2022-06-03 10:45:37
User_1167,Hobby_5,2023-03-23 01:01:00,3,2021-12-30 02:07:00
User_1168,Hobby_2,2020-05-13 00:13:34,8,2020-08-14 13:54:18
User_1169,Hobby_2,2020-03-27 04:31:37,6,2022-10-07 02:33:27
User_1170,Hobby_5,2022-12-20 09:21:35,1,2023-09-25 01:45:10
User_1171,Hobby_0,2023-09-11 09:44:44,6,2022-10-13 22:19:35
User_1172,Hobby_2,2020-03-15 15:13:24,2,2022-09-11 00:39:12
User_1173,Hobby_9,2022-09-06 13:31:59,1,2022-12-17 16:41:27
User_1174,Hobby_1,2020-09-14 04:33:42,8,2022-06-22 07:21:11
User_1175,Hobby_8,2021-05-18 02:10:40,4,2020-12-28 02:31:24
User_1176,Hobby_1,2020-02-10 09:01:32,2,2021-01-15 02:37:10
User_1177,Hobby_7,2021-03-07 04:21:20,7,2021-09-04 00:37:53
User_1178,Hobby_0,2021-02-11 03:15:40,4,2022-05-13 18:31:49
User_1179,Hobby_6,2024-04-03 13:01:23,3,2021-03-27 07:50:01
User_1180,Hobby_3,2020-06-19 04:52:05,9,2020-06-17 10:05:26
User_1181,Hobby_7,2023-10-05 10:06:51,1,2024-01-29 05:58:49
User_1182,Hobby_4,2021-11-02 23:32:12,10,2021-01-13 19:57:43
User_1183,Hobby_9,2023-06-01 18:12:54,8,2020-11-24 02:48:22
User_1184,Hobby_0,2020-04-05 13:59:18,1,2020-08-23 17:36:50
User_1185,Hobby_1,2023-06-26 13:43:22,10,2023-03-09 22:04:51
User_1186,Hobby_9,2022-03-09 21:36:34,8,2023-06-14 21:19:32
User_1187,Hobby_9,2020-09-11 09:19:33,5,2020-03-27 14:26:31
User_1188,Hobby_4,2020-04-30 19:12:28,4,2020-10-15 03:09:49
User_1189,Hobby_0,2020-09-09 05:41:22,2,2024-03-20 02:14:25
User_1190,Hobby_4,2022-07-06 18:45:38,3,2020-05-03 22:55:26
User_1191,Hobby_7,2023-12-22 10:40:48,2,2022-06-27 23:26:08
User_1192,Hobby_8,2023-12-26 14:15:22,9,2021-03-04 11:55:35
User_1193,Hobby_2,2021-10-06 07:53:51,8,2020-01-26 08:01:20
User_1194,Hobby_5,2022-02-21 04:59:46,2,2020-03-20 08:55:17
User_1195,Hobby_3,2021-07-23 19:48:05,7,2023-05-14 03:49:46
User_1196,Hobby_9,2022-01-16 01:55:22,2,2022-07-15 05:18:29
User_1197,Hobby_7,2023-03-08 06:59:42,4,2020-03-14 11:32:16
User_1198,Hobby_6,2023-09-11 22:25:53,6,2023-01-22 00:32:42
User_1199,Hobby_3,2020-04-20 00:47:34,2,2021-09-21 05:24:13
User_1200,Hobby_3,2021-11-20 06:55:43,4,2020-06-25 12:07:30
User_1201,Hobby_0,2021-06-11 10:01:50,4,2023-07-16 12:27:47
User_1202,Hobby_7,2021-05-13 08:58:33,8,2020-11-21 05:59:53
User_1203,Hobby_8,2023-01-30 15:05:07,7,2020-07-08 16:53:48
User_1204,Hobby_4,2021-12-13 07:12:34,4,2021-06-24 20:03:37
User_1205,Hobby_0,2023-05-16 10:33:32,7,2020-04-29 01:55:48
User_1206,Hobby_2,2023-12-26 18:57:30,6,2022-05-26 11:41:59
User_1207,Hobby_7,2022-10-04 17:01:07,10,2023-12-16 18:23:50
User_1208,Hobby_9,2022-12-26 21:20:20,9,2020-03-03 21:49:51
User_1209,Hobby_9,2023-09-17 14:42:34,5,2022-09-04 00:51:03
User_1210,Hobby_3,2020-01-25 13:08:27,10,2022-08-10 12:47:23
User_1211,Hobby_7,2020-06-26 11:59:40,1,2021-03-01 00:42:10
User_1212,Hobby_3,2020-08-04 09:44:35,5,2020-07-12 04:44:10
User_1213,Hobby_8,2023-08-28 11:28:57,8,2023-06-17 12:29:53
User_1214,Hobby_8,2022-08-17 20:25:46,6,2021-07-18 04:28:49
User_1215,Hobby_4,2023-11-27 16:35:58,7,2023-12-24 08:21:13
User_1216,Hobby_5,2022-10-27 13:31:43,4,2022-03-30 09:20:23
User_1217,Hobby_6,2021-05-21 10:37:17,6,2021-07-02 15:27:41
User_1218,Hobby_5,2020-01-17 04:10:55,10,2023-02-06 13:04:21
User_1219,Hobby_2,2022-10-27 17:17:23,1,2021-03-31 04:44:10
User_1220,Hobby_9,2023-04-21 03:38:03,8,2022-03-04 16:11:30
User_1221,Hobby_0,2022-07-14 00:35:07,2,2022-03-12 10:16:42
User_1222,Hobby_9,2021-12-17 13:34:46,5,2022-01-09 00:36:04
User_1223,Hobby_9,2022-09-06 11:09:46,8,2021-02-18 01:41:08
User_1224,Hobby_1,2022-12-24 00:30:29,3,2020-12-19 00:02:02
User_1225,Hobby_3,2023-01-09 19:58:28,7,2021-06-25 03:54:10
User_1226,Hobby_6,2021-08-01 13:34:01,7,2020-05-28 14:19:32
User_1227,Hobby_9,2020-09-28 02:29:50,6,2020-11-16 12:05:43
User_1228,Hobby_4,2023-10-19 08:32:10,6,2022-01-24 16:11:08
User_1229,Hobby_1,2023-05-28 05:10:28,3,2024-03-25 16:10:17
User_1230,Hobby_1,2023-06-27 00:43:01,4,2024-04-07 12:16:03
User_1231,Hobby_6,2023-01-13 23:14:29,7,2020-12-05 14:34:22
User_1232,Hobby_1,2022-03-24 15:04:15,2,2020-10-09 15:08:58
User_1233,Hobby_2,2021-02-22 16:58:24,8,2023-09-26 13:22:23
User_1234,Hobby_0,2023-07-09 18:09:25,1,2020-04-01 07:50:54
User_1235,Hobby_2,2020-08-18 16:38:36,5,2021-06-30 05:08:06
User_1236,Hobby_1,2022-05-18 07:36:11,5,2023-06-11 18:29:55
User_1237,Hobby_5,2023-06-12 23:16:33,1,2020-05-07 11:47:46
User_1238,Hobby_4,2022-02-16 05:01:47,9,2020-02-20 20:12:10
User_1239,Hobby_8,2023-01-09 12:38:44,6,2021-12-17 08:34:03
User_1240,Hobby_3,2020-04-09 17:54:47,7,2022-09-15 00:19:13
User_1241,Hobby_5,2023-12-31 20:58:57,3,2022-07-25 04:09:06
User_1242,Hobby_4,2022-02-20 13:42:22,1,2021-10-10 08:09:22
User_1243,Hobby_7,2022-05-13 06:36:48,6,2020-09-15 03:03:23
User_1244,Hobby_4,2020-02-19 23:52:34,1,2023-02-05 11:41:42
User_1245,Hobby_2,2020-04-15 19:59:32,6,2020-07-29 11:51:36
User_1246,Hobby_1,2023-01-10 02:43:31,8,2022-08-24 14:32:42
User_1247,Hobby_2,2020-06-13 13:50:10,7,2023-11-16 17:32:34
User_1248,Hobby_5,2022-07-27 10:19:24,7,2023-09-24 04:46:13
User_1249,Hobby_6,2024-02-10 16:54:00,6,2024-02-06 04:44:20
