Post,Hobby,Date_posted,Popularity,Relevance
Post_0,Hobby_5,2023-11-05 14:09:18,182,10
Post_1,Hobby_9,2023-09-25 11:10:54,535,10
Post_2,Hobby_2,2024-03-04 06:42:33,124,4
Post_3,Hobby_1,2020-07-13 07:26:57,408,8
Post_4,Hobby_7,2021-08-01 10:07:43,897,5
Post_5,Hobby_7,2021-09-29 14:37:14,668,8
Post_6,Hobby_7,2021-03-19 14:50:44,394,9
Post_7,Hobby_8,2024-03-09 22:15:17,251,6
Post_8,Hobby_8,2022-09-11 16:00:24,944,6
Post_9,Hobby_8,2022-10-01 14:37:36,805,10
Post_10,Hobby_9,2021-03-25 08:51:02,665,3
Post_11,Hobby_3,2021-02-15 20:38:52,209,4
Post_12,Hobby_1,2023-03-10 21:22:31,973,5
Post_13,Hobby_5,2023-09-10 06:45:43,495,5
Post_14,Hobby_2,2020-04-06 18:52:57,23,10
Post_15,Hobby_7,2021-01-28 04:24:28,126,9
Post_16,Hobby_6,2022-02-06 15:08:42,733,5
Post_17,Hobby_0,2021-09-05 18:32:24,967,1
Post_18,Hobby_3,2020-03-31 21:14:02,127,3
Post_19,Hobby_4,2020-10-14 09:57:50,734,1
Post_20,Hobby_4,2024-03-15 13:41:41,603,1
Post_21,Hobby_9,2021-07-17 00:31:43,534,1
Post_22,Hobby_6,2020-09-22 11:18:41,847,3
Post_23,Hobby_7,2022-05-25 18:45:38,738,9
Post_24,Hobby_8,2022-09-18 11:26:21,608,8
Post_25,Hobby_0,2020-10-06 17:49:43,966,2
Post_26,Hobby_9,2023-03-24 04:50:25,920,5
Post_27,Hobby_2,2022-11-29 02:04:58,939,3
Post_28,Hobby_5,2022-06-08 04:30:08,879,8
Post_29,Hobby_3,2022-02-25 01:49:27,902,7
Post_30,Hobby_7,2020-02-03 05:19:30,722,9
Post_31,Hobby_2,2022-01-27 03:41:43,604,1
Post_32,Hobby_3,2021-01-11 09:31:52,141,8
Post_33,Hobby_6,2023-01-24 20:58:57,161,7
Post_34,Hobby_8,2022-07-08 11:26:35,246,9
Post_35,Hobby_5,2021-04-03 18:00:50,975,3
Post_36,Hobby_1,2020-08-26 11:34:06,570,10
Post_37,Hobby_2,2020-03-29 10:56:21,900,8
Post_38,Hobby_6,2021-10-17 18:26:08,497,2
Post_39,Hobby_3,2022-05-23 23:05:36,731,5
Post_40,Hobby_1,2021-12-23 05:17:07,459,5
Post_41,Hobby_2,2023-04-18 04:23:18,904,7
Post_42,Hobby_7,2021-06-07 12:07:28,634,1
Post_43,Hobby_0,2021-09-05 13:47:18,893,2
Post_44,Hobby_0,2021-10-21 12:20:17,838,1
Post_45,Hobby_4,2020-01-07 05:20:48,220,9
Post_46,Hobby_2,2022-07-31 01:27:29,443,10
Post_47,Hobby_8,2022-08-22 23:15:02,430,1
Post_48,Hobby_5,2024-03-07 06:17:32,653,1
Post_49,Hobby_4,2020-05-28 17:30:08,608,1
Post_50,Hobby_2,2021-08-27 00:18:01,738,8
Post_51,Hobby_7,2021-10-20 08:06:15,885,3
Post_52,Hobby_1,2020-11-28 10:24:25,245,6
Post_53,Hobby_5,2023-12-17 12:50:13,488,4
Post_54,Hobby_9,2023-11-08 03:19:40,592,5
Post_55,Hobby_3,2023-02-23 07:16:03,952,10
Post_56,Hobby_4,2021-10-11 02:15:10,313,1
Post_57,Hobby_8,2022-03-21 02:06:54,989,2
Post_58,Hobby_9,2022-04-19 05:15:52,300,8
Post_59,Hobby_9,2021-12-17 12:14:56,157,3
Post_60,Hobby_8,2020-04-19 22:48:01,253,6
Post_61,Hobby_1,2021-10-18 17:08:09,127,2
Post_62,Hobby_5,2021-09-26 13:32:27,545,1
Post_63,Hobby_3,2020-04-01 18:29:55,384,1
Post_64,Hobby_1,2023-04-20 17:11:49,688,7
Post_65,Hobby_0,2024-01-15 08:21:19,277,6
Post_66,Hobby_2,2022-05-13 00:36:04,30,1
Post_67,Hobby_2,2022-11-24 04:34:56,225,3
Post_68,Hobby_8,2020-10-19 15:05:06,658,3
Post_69,Hobby_9,2022-02-18 01:10:04,174,3
Post_70,Hobby_1,2023-02-11 18:08:24,9,3
Post_71,Hobby_4,2022-02-08 11:20:13,292,2
Post_72,Hobby_7,2023-09-01 14:16:16,367,6
Post_73,Hobby_5,2022-08-27 09:23:33,953,9
Post_74,Hobby_9,2021-01-16 17:17:42,25,2
Post_75,Hobby_6,2020-01-11 07:56:35,832,1
Post_76,Hobby_0,2021-12-05 13:21:36,914,5
Post_77,Hobby_8,2021-09-03 10:36:23,390,7
Post_78,Hobby_6,2022-05-10 21:40:16,599,6
Post_79,Hobby_8,2023-03-02 15:20:03,286,6
Post_80,Hobby_2,2020-05-19 10:33:36,813,10
Post_81,Hobby_1,2022-04-20 21:35:58,86,8
Post_82,Hobby_7,2022-10-22 18:43:39,701,5
Post_83,Hobby_1,2021-05-22 10:17:00,906,7
Post_84,Hobby_4,2022-06-29 00:58:32,76,1
Post_85,Hobby_5,2021-01-07 02:18:07,28,1
Post_86,Hobby_6,2023-03-11 01:15:21,447,4
Post_87,Hobby_6,2022-10-09 21:27:18,153,10
Post_88,Hobby_2,2020-10-18 11:28:35,596,8
Post_89,Hobby_2,2020-02-22 03:17:11,230,6
Post_90,Hobby_2,2022-06-20 18:28:12,299,3
Post_91,Hobby_8,2023-04-06 06:16:56,564,2
Post_92,Hobby_1,2022-03-07 09:26:53,438,2
Post_93,Hobby_9,2021-05-26 01:16:54,547,9
Post_94,Hobby_3,2022-03-03 14:59:56,270,7
Post_95,Hobby_7,2023-04-22 06:10:08,938,1
Post_96,Hobby_9,2024-02-10 12:27:00,317,3
Post_97,Hobby_4,2022-05-05 06:29:39,532,3
Post_98,Hobby_1,2023-05-26 03:43:22,354,5
Post_99,Hobby_1,2022-01-14 10:35:37,427,8
Post_100,Hobby_9,2022-03-04 01:15:54,237,2
Post_101,Hobby_4,2020-03-23 04:14:27,968,6
Post_102,Hobby_7,2023-07-28 13:31:32,500,6
Post_103,Hobby_2,2023-12-09 03:53:14,882,4
Post_104,Hobby_5,2024-01-17 03:53:32,931,6
Post_105,Hobby_5,2021-06-25 19:24:44,272,8
Post_106,Hobby_7,2021-10-18 04:21:19,1000,4
Post_107,Hobby_8,2023-03-05 23:09:42,390,1
Post_108,Hobby_5,2023-04-28 14:52:12,754,5
Post_109,Hobby_0,2020-07-01 07:15:56,413,2
Post_110,Hobby_3,2020-09-21 08:24:32,602,5
Post_111,Hobby_8,2020-08-19 05:39:11,664,2
Post_112,Hobby_4,2023-09-21 16:49:43,776,8
Post_113,Hobby_8,2020-06-26 04:30:35,803,3
Post_114,Hobby_8,2020-12-01 04:42:01,137,1
Post_115,Hobby_0,2021-08-16 00:54:12,354,8
Post_116,Hobby_5,2020-09-14 00:23:41,336,7
Post_117,Hobby_0,2023-09-05 17:55:02,254,7
Post_118,Hobby_1,2020-10-12 05:28:46,766,2
Post_119,Hobby_4,2020-01-14 22:55:48,933,9
Post_120,Hobby_1,2020-02-29 15:53:38,731,5
Post_121,Hobby_9,2024-03-30 05:35:38,573,10
Post_122,Hobby_0,2021-07-10 09:47:38,849,6
Post_123,Hobby_7,2022-02-05 22:29:52,83,1
Post_124,Hobby_0,2021-01-02 05:47:27,944,1
Post_125,Hobby_9,2022-11-14 04:06:59,33,10
Post_126,Hobby_9,2024-03-24 21:02:07,390,8
Post_127,Hobby_0,2020-03-06 22:20:09,540,7
Post_128,Hobby_2,2022-05-21 19:46:01,196,8
Post_129,Hobby_5,2021-05-14 18:27:39,397,1
Post_130,Hobby_6,2022-09-13 10:47:33,165,1
Post_131,Hobby_7,2022-01-20 15:52:48,705,5
Post_132,Hobby_7,2022-07-12 07:29:20,821,7
Post_133,Hobby_1,2022-04-20 13:25:54,253,5
Post_134,Hobby_6,2022-03-22 06:00:26,638,1
Post_135,Hobby_7,2023-09-04 00:17:31,998,3
Post_136,Hobby_1,2024-01-26 13:29:17,624,5
Post_137,Hobby_2,2024-04-10 12:18:18,548,5
Post_138,Hobby_9,2022-10-05 23:23:44,825,8
Post_139,Hobby_4,2021-12-27 14:10:17,525,5
Post_140,Hobby_5,2023-10-03 04:49:43,905,5
Post_141,Hobby_1,2021-04-06 15:47:00,349,8
Post_142,Hobby_7,2022-06-22 11:54:40,889,2
Post_143,Hobby_4,2022-10-31 05:37:25,327,6
Post_144,Hobby_0,2020-03-30 22:19:43,541,5
Post_145,Hobby_4,2022-04-01 09:45:47,636,4
Post_146,Hobby_0,2020-03-30 19:45:11,726,8
Post_147,Hobby_4,2022-12-07 08:17:22,510,7
Post_148,Hobby_1,2022-08-03 19:04:27,551,2
Post_149,Hobby_8,2022-05-01 00:00:56,605,9
Post_150,Hobby_2,2023-11-20 23:10:01,451,9
Post_151,Hobby_0,2022-07-26 21:25:32,534,10
Post_152,Hobby_3,2022-12-06 07:13:27,423,7
Post_153,Hobby_4,2023-11-28 04:19:06,825,6
Post_154,Hobby_6,2023-07-11 03:08:10,957,10
Post_155,Hobby_4,2020-02-19 22:40:14,851,6
Post_156,Hobby_9,2023-04-22 11:20:47,740,2
Post_157,Hobby_6,2024-03-28 11:57:53,596,10
Post_158,Hobby_7,2023-07-17 15:51:17,822,8
Post_159,Hobby_1,2021-08-02 11:03:20,374,7
Post_160,Hobby_9,2021-02-12 03:31:59,946,9
Post_161,Hobby_6,2020-04-28 16:18:48,487,9
Post_162,Hobby_2,2023-08-01 19:27:18,992,4
Post_163,Hobby_0,2020-07-31 14:29:21,38,8
Post_164,Hobby_3,2020-11-29 08:33:16,914,1
Post_165,Hobby_7,2020-04-27 15:36:09,697,2
Post_166,Hobby_5,2021-08-24 06:47:05,149,7
Post_167,Hobby_4,2021-08-01 18:48:15,927,10
Post_168,Hobby_6,2022-06-25 21:09:43,607,2
Post_169,Hobby_1,2021-12-13 07:02:21,915,7
Post_170,Hobby_2,2022-07-02 04:40:57,249,6
Post_171,Hobby_5,2022-03-20 10:34:11,161,6
Post_172,Hobby_8,2020-02-05 09:01:26,825,10
Post_173,Hobby_7,2023-02-16 20:43:10,643,10
Post_174,Hobby_8,2021-12-30 07:48:59,845,3
Post_175,Hobby_0,2021-07-13 03:14:26,72,3
Post_176,Hobby_5,2023-06-02 11:58:41,328,4
Post_177,Hobby_2,2024-01-06 11:20:29,258,2
Post_178,Hobby_3,2023-01-30 02:55:25,943,6
Post_179,Hobby_4,2020-10-14 17:46:21,592,7
Post_180,Hobby_2,2023-11-14 04:00:02,784,3
Post_181,Hobby_0,2021-10-26 06:53:13,398,5
Post_182,Hobby_8,2020-09-22 16:52:49,422,2
Post_183,Hobby_9,2021-11-04 09:44:29,286,2
Post_184,Hobby_2,2022-05-10 05:08:07,420,7
Post_185,Hobby_3,2023-09-30 07:48:56,176,4
Post_186,Hobby_7,2021-01-24 02:05:16,166,3
Post_187,Hobby_2,2021-04-18 07:21:00,527,3
Post_188,Hobby_2,2023-05-26 09:38:40,653,9
Post_189,Hobby_7,2024-03-09 04:03:39,893,10
Post_190,Hobby_5,2023-12-12 07:40:44,963,10
Post_191,Hobby_9,2020-12-26 21:39:06,812,9
Post_192,Hobby_2,2024-02-04 21:56:44,724,10
Post_193,Hobby_4,2021-05-16 12:56:40,920,8
Post_194,Hobby_5,2020-06-05 16:14:10,480,8
Post_195,Hobby_9,2021-06-08 05:42:30,439,3
Post_196,Hobby_3,2023-08-20 10:42:00,88,6
Post_197,Hobby_6,2020-07-28 09:11:45,21,5
Post_198,Hobby_8,2021-08-18 01:30:12,116,6
Post_199,Hobby_6,2022-10-23 01:50:52,407,9
Post_200,Hobby_8,2021-12-15 01:22:27,172,6
Post_201,Hobby_9,2020-12-17 22:20:10,869,5
Post_202,Hobby_6,2020-01-15 19:33:57,920,5
Post_203,Hobby_9,2020-11-23 22:55:26,958,8
Post_204,Hobby_2,2022-07-30 19:57:48,372,8
Post_205,Hobby_9,2024-02-05 00:32:57,529,3
Post_206,Hobby_6,2020-03-01 00:59:10,1000,2
Post_207,Hobby_0,2022-03-29 05:14:43,603,5
Post_208,Hobby_5,2022-11-12 06:18:47,480,6
Post_209,Hobby_5,2022-06-21 01:09:33,285,6
Post_210,Hobby_7,2022-09-30 20:07:03,648,10
Post_211,Hobby_5,2023-01-23 02:18:57,343,8
Post_212,Hobby_1,2020-08-20 18:54:29,15,1
Post_213,Hobby_3,2022-06-04 12:06:36,653,5
Post_214,Hobby_0,2023-07-21 18:16:50,57,8
Post_215,Hobby_7,2022-12-13 22:51:04,287,6
Post_216,Hobby_9,2020-09-02 09:13:50,69,2
Post_217,Hobby_9,2021-11-11 03:25:43,33,4
Post_218,Hobby_2,2021-09-05 12:58:57,150,6
Post_219,Hobby_7,2022-09-29 14:57:05,368,1
Post_220,Hobby_5,2023-06-24 02:57:15,727,4
Post_221,Hobby_6,2022-08-10 10:31:10,221,2
Post_222,Hobby_3,2022-08-21 11:50:05,916,6
Post_223,Hobby_1,2023-02-18 16:21:05,204,6
Post_224,Hobby_1,2023-12-25 09:54:08,914,1
Post_225,Hobby_7,2023-12-02 10:08:45,961,1
Post_226,Hobby_7,2021-06-21 00:09:55,202,2
Post_227,Hobby_3,2024-02-04 04:28:54,549,5
Post_228,Hobby_7,2020-06-17 16:19:43,109,6
Post_229,Hobby_8,2020-07-29 08:01:09,430,9
Post_230,Hobby_2,2023-07-26 07:08:52,288,8
Post_231,Hobby_6,2023-08-07 07:31:42,785,8
Post_232,Hobby_1,2020-07-19 14:11:32,978,7
Post_233,Hobby_5,2022-02-12 23:39:26,699,4
Post_234,Hobby_4,2022-04-29 21:03:33,409,4
Post_235,Hobby_5,2022-07-31 00:29:54,473,4
Post_236,Hobby_2,2022-04-19 15:41:21,870,6
Post_237,Hobby_5,2023-07-31 12:45:28,410,4
Post_238,Hobby_6,2021-10-24 20:00:02,213,1
Post_239,Hobby_2,2023-07-16 07:14:09,49,6
Post_240,Hobby_4,2021-05-13 17:33:02,343,5
Post_241,Hobby_8,2020-07-21 23:36:57,90,8
Post_242,Hobby_6,2020-03-28 13:54:18,274,3
Post_243,Hobby_9,2021-10-27 11:38:51,326,5
Post_244,Hobby_3,2020-11-13 09:12:42,127,7
Post_245,Hobby_5,2023-10-05 20:01:08,265,10
Post_246,Hobby_8,2022-12-31 13:44:57,772,3
Post_247,Hobby_0,2021-06-19 00:28:53,535,5
Post_248,Hobby_9,2023-01-08 00:05:54,186,8
Post_249,Hobby_6,2022-02-02 11:29:10,113,4
Post_250,Hobby_3,2020-04-01 07:14:39,860,2
Post_251,Hobby_1,2023-03-09 06:50:09,75,4
Post_252,Hobby_7,2021-02-18 10:51:23,552,3
Post_253,Hobby_2,2023-09-13 23:57:08,378,10
Post_254,Hobby_9,2021-12-22 07:51:44,174,2
Post_255,Hobby_4,2021-11-13 09:34:44,632,9
Post_256,Hobby_9,2020-12-12 13:23:29,343,9
Post_257,Hobby_5,2020-07-09 14:34:01,78,8
Post_258,Hobby_7,2023-04-09 23:36:08,857,10
Post_259,Hobby_9,2023-05-13 23:51:01,330,8
Post_260,Hobby_6,2021-12-24 21:16:58,414,4
Post_261,Hobby_5,2024-03-01 19:24:52,618,2
Post_262,Hobby_6,2022-06-09 02:37:03,905,8
Post_263,Hobby_5,2024-01-06 00:12:16,114,9
Post_264,Hobby_7,2021-03-25 18:36:39,311,10
Post_265,Hobby_1,2023-05-24 05:07:21,200,10
Post_266,Hobby_4,2020-07-12 05:49:01,450,8
Post_267,Hobby_9,2023-01-15 07:18:40,84,5
Post_268,Hobby_6,2022-05-03 11:07:51,670,3
Post_269,Hobby_6,2022-07-06 07:56:04,33,10
Post_270,Hobby_6,2020-08-19 23:53:41,466,10
Post_271,Hobby_3,2021-04-23 08:27:52,489,10
Post_272,Hobby_4,2020-01-05 16:46:37,568,6
Post_273,Hobby_1,2022-01-19 03:17:53,385,1
Post_274,Hobby_3,2023-07-16 05:13:48,814,3
Post_275,Hobby_4,2022-09-08 11:18:33,875,10
Post_276,Hobby_5,2020-11-22 23:30:38,462,9
Post_277,Hobby_0,2023-08-09 01:40:00,92,1
Post_278,Hobby_0,2020-02-27 02:08:51,182,7
Post_279,Hobby_6,2021-06-25 13:54:31,821,8
Post_280,Hobby_5,2022-10-14 07:38:52,34,4
Post_281,Hobby_2,2023-02-09 12:23:54,602,8
Post_282,Hobby_3,2021-02-15 12:16:29,738,5
Post_283,Hobby_0,2021-11-25 02:03:26,155,2
Post_284,Hobby_0,2021-09-02 05:59:36,221,2
Post_285,Hobby_5,2022-10-20 19:43:39,229,10
Post_286,Hobby_0,2023-07-30 02:01:39,477,1
Post_287,Hobby_6,2020-03-05 22:49:14,146,1
Post_288,Hobby_6,2020-09-18 01:46:56,359,9
Post_289,Hobby_7,2021-03-11 23:33:31,109,2
Post_290,Hobby_4,2022-04-20 00:03:38,794,9
Post_291,Hobby_2,2021-05-13 00:25:05,599,2
Post_292,Hobby_4,2021-04-18 21:19:01,882,1
Post_293,Hobby_0,2024-02-11 02:57:32,169,8
Post_294,Hobby_3,2023-05-07 06:01:47,553,1
Post_295,Hobby_1,2021-09-26 06:27:27,154,10
Post_296,Hobby_7,2021-08-04 01:49:27,423,10
Post_297,Hobby_8,2020-05-13 23:00:52,289,5
Post_298,Hobby_3,2023-07-18 00:34:53,409,5
Post_299,Hobby_9,2023-10-22 13:36:06,780,6
Post_300,Hobby_9,2021-12-07 17:57:08,685,9
Post_301,Hobby_5,2021-10-31 19:55:46,548,8
Post_302,Hobby_5,2021-07-30 03:11:08,262,10
Post_303,Hobby_2,2023-09-15 03:06:33,342,2
Post_304,Hobby_3,2023-12-15 05:29:15,786,10
Post_305,Hobby_1,2021-06-23 01:04:14,402,8
Post_306,Hobby_2,2024-03-04 13:23:59,358,1
Post_307,Hobby_0,2021-07-21 00:09:52,795,9
Post_308,Hobby_1,2020-10-07 11:19:06,550,8
Post_309,Hobby_0,2023-06-29 10:19:02,66,6
Post_310,Hobby_4,2023-05-03 06:28:39,826,1
Post_311,Hobby_6,2020-02-10 17:18:05,112,7
Post_312,Hobby_2,2020-11-07 01:10:39,1,3
Post_313,Hobby_9,2021-01-24 07:15:30,816,8
Post_314,Hobby_4,2024-02-29 14:30:18,36,3
Post_315,Hobby_4,2023-11-05 00:04:37,840,5
Post_316,Hobby_3,2022-07-12 18:59:41,821,5
Post_317,Hobby_0,2022-09-12 21:58:19,154,8
Post_318,Hobby_3,2022-04-30 22:39:33,861,4
Post_319,Hobby_6,2022-05-15 06:51:33,401,8
Post_320,Hobby_8,2021-04-23 15:18:21,832,1
Post_321,Hobby_9,2023-09-07 13:47:41,396,7
Post_322,Hobby_5,2024-03-01 01:18:17,129,5
Post_323,Hobby_8,2022-02-12 10:34:03,911,4
Post_324,Hobby_4,2024-02-24 12:58:31,252,9
Post_325,Hobby_0,2022-04-13 07:29:23,158,1
Post_326,Hobby_4,2022-06-23 03:01:27,737,5
Post_327,Hobby_0,2023-06-04 05:40:29,911,3
Post_328,Hobby_5,2023-10-28 04:05:28,788,5
Post_329,Hobby_0,2021-02-14 08:50:59,354,3
Post_330,Hobby_2,2022-08-16 19:01:50,911,6
Post_331,Hobby_9,2020-02-22 21:47:27,733,9
Post_332,Hobby_3,2020-10-03 23:58:13,787,8
Post_333,Hobby_6,2020-12-19 12:10:19,184,9
Post_334,Hobby_7,2022-11-05 06:05:29,503,4
Post_335,Hobby_0,2020-08-09 02:04:39,806,2
Post_336,Hobby_6,2023-02-13 18:15:42,542,5
Post_337,Hobby_6,2020-12-12 20:54:04,104,1
Post_338,Hobby_5,2022-03-13 06:34:22,971,3
Post_339,Hobby_1,2021-10-26 04:40:37,495,9
Post_340,Hobby_6,2020-11-21 20:48:52,976,3
Post_341,Hobby_1,2021-02-13 18:47:26,859,4
Post_342,Hobby_0,2024-02-05 08:31:12,178,7
Post_343,Hobby_2,2020-01-24 16:39:47,787,7
Post_344,Hobby_8,2021-03-19 06:17:02,890,2
Post_345,Hobby_8,2021-06-08 09:27:55,204,3
Post_346,Hobby_6,2022-09-26 08:59:01,932,9
Post_347,Hobby_7,2023-06-16 19:04:24,689,4
Post_348,Hobby_1,2021-04-05 08:08:36,466,10
Post_349,Hobby_4,2021-02-13 00:09:34,863,3
Post_350,Hobby_0,2020-07-05 13:33:29,439,2
Post_351,Hobby_9,2021-06-07 06:22:57,504,5
Post_352,Hobby_0,2022-03-12 21:34:53,985,7
Post_353,Hobby_9,2023-02-25 13:44:01,262,8
Post_354,Hobby_6,2022-06-02 08:48:34,170,2
Post_355,Hobby_2,2022-04-27 12:19:41,16,6
Post_356,Hobby_8,2022-03-16 00:04:29,957,6
Post_357,Hobby_9,2020-01-28 07:31:59,939,3
Post_358,Hobby_6,2022-09-05 15:15:31,713,6
Post_359,Hobby_0,2020-04-15 03:20:18,359,7
Post_360,Hobby_1,2020-02-05 12:07:04,14,6
Post_361,Hobby_2,2020-02-08 17:46:01,863,5
Post_362,Hobby_7,2023-03-14 09:27:47,539,7
Post_363,Hobby_4,2020-12-27 20:01:49,365,5
Post_364,Hobby_9,2023-12-05 13:04:05,189,4
Post_365,Hobby_6,2023-04-20 03:08:35,890,6
Post_366,Hobby_2,2021-11-14 19:31:01,349,7
Post_367,Hobby_0,2022-04-06 13:18:32,608,7
Post_368,Hobby_3,2022-05-27 07:44:26,241,5
Post_369,Hobby_4,2022-12-20 18:51:13,46,3
Post_370,Hobby_7,2021-10-09 01:14:31,428,9
Post_371,Hobby_9,2022-10-08 17:32:54,214,4
Post_372,Hobby_0,2023-02-04 00:21:15,82,10
Post_373,Hobby_4,2023-05-01 01:14:20,422,2
Post_374,Hobby_0,2021-01-19 07:41:26,362,8
Post_375,Hobby_5,2021-11-16 07:47:03,85,6
Post_376,Hobby_2,2020-10-26 06:49:23,58,10
Post_377,Hobby_8,2020-03-28 22:04:48,113,5
Post_378,Hobby_5,2022-07-30 11:26:48,352,5
Post_379,Hobby_0,2023-05-25 19:15:12,656,8
Post_380,Hobby_6,2020-12-20 03:43:18,18,1
Post_381,Hobby_9,2022-07-21 15:46:06,472,3
Post_382,Hobby_9,2020-08-01 05:40:34,107,3
Post_383,Hobby_7,2024-03-16 11:51:35,521,8
Post_384,Hobby_0,2022-07-13 07:56:28,194,2
Post_385,Hobby_9,2023-08-25 15:28:51,203,4
Post_386,Hobby_1,2024-03-10 10:18:04,180,9
Post_387,Hobby_8,2021-01-02 01:46:42,615,1
Post_388,Hobby_7,2020-04-11 16:30:55,516,7
Post_389,Hobby_8,2021-10-20 12:32:21,774,6
Post_390,Hobby_7,2024-01-16 17:59:46,793,3
Post_391,Hobby_9,2020-11-17 23:19:22,909,9
Post_392,Hobby_5,2020-04-18 17:39:44,129,3
Post_393,Hobby_2,2020-02-08 00:37:48,539,8
Post_394,Hobby_8,2020-08-28 08:56:46,392,4
Post_395,Hobby_1,2020-03-04 17:43:01,31,7
Post_396,Hobby_5,2020-12-03 22:32:23,347,10
Post_397,Hobby_0,2022-08-06 15:13:32,93,2
Post_398,Hobby_1,2022-04-25 17:01:14,170,1
Post_399,Hobby_9,2023-05-25 23:51:13,387,2
Post_400,Hobby_9,2022-03-06 00:04:33,140,3
Post_401,Hobby_1,2021-01-09 08:22:29,757,8
Post_402,Hobby_2,2021-04-25 00:18:10,793,8
Post_403,Hobby_7,2020-01-18 01:09:00,971,8
Post_404,Hobby_3,2020-08-20 06:27:46,253,10
Post_405,Hobby_2,2020-01-14 03:30:55,755,2
Post_406,Hobby_8,2021-12-13 03:20:45,242,4
Post_407,Hobby_9,2020-10-14 07:15:28,978,10
Post_408,Hobby_3,2021-02-20 02:07:17,340,5
Post_409,Hobby_8,2021-11-27 10:13:57,436,4
Post_410,Hobby_3,2020-03-14 20:58:56,726,3
Post_411,Hobby_7,2020-11-20 21:17:13,646,9
Post_412,Hobby_0,2020-02-07 14:38:40,216,9
Post_413,Hobby_8,2020-11-28 15:56:19,903,3
Post_414,Hobby_6,2021-12-19 13:11:01,607,8
Post_415,Hobby_8,2020-08-09 16:02:26,916,3
Post_416,Hobby_2,2020-04-10 11:00:40,495,10
Post_417,Hobby_2,2023-05-20 00:40:10,201,1
Post_418,Hobby_0,2023-03-06 22:31:35,991,5
Post_419,Hobby_4,2023-02-05 03:28:24,292,9
Post_420,Hobby_9,2021-05-26 20:31:19,230,5
Post_421,Hobby_6,2022-10-21 20:58:42,872,5
Post_422,Hobby_9,2022-03-19 05:00:21,15,1
Post_423,Hobby_3,2023-10-28 08:19:12,89,9
Post_424,Hobby_8,2022-02-20 12:28:52,760,1
Post_425,Hobby_6,2023-01-01 23:31:02,132,4
Post_426,Hobby_4,2022-03-31 13:29:37,796,4
Post_427,Hobby_6,2023-01-27 07:49:28,720,5
Post_428,Hobby_1,2023-07-07 12:57:29,659,4
Post_429,Hobby_7,2023-03-30 16:40:23,926,1
Post_430,Hobby_0,2023-07-24 13:07:37,363,5
Post_431,Hobby_3,2021-01-31 20:50:59,733,9
Post_432,Hobby_0,2022-04-07 19:44:42,369,1
Post_433,Hobby_7,2021-10-22 07:26:22,308,3
Post_434,Hobby_2,2021-04-11 13:32:39,996,7
Post_435,Hobby_9,2023-07-16 06:27:12,271,7
Post_436,Hobby_3,2021-02-09 07:22:53,746,5
Post_437,Hobby_3,2021-05-11 15:39:24,784,1
Post_438,Hobby_0,2024-02-06 02:38:15,137,6
Post_439,Hobby_4,2020-06-21 11:05:05,667,9
Post_440,Hobby_6,2023-10-19 07:17:57,646,8
Post_441,Hobby_0,2020-03-12 19:15:48,995,9
Post_442,Hobby_1,2024-02-25 15:36:13,670,7
Post_443,Hobby_1,2021-12-01 23:33:57,547,4
Post_444,Hobby_1,2022-06-26 17:36:04,247,3
Post_445,Hobby_9,2023-11-30 20:55:00,515,6
Post_446,Hobby_9,2020-09-07 13:13:36,722,4
Post_447,Hobby_8,2023-11-09 23:18:24,930,3
Post_448,Hobby_2,2024-02-02 11:52:46,975,6
Post_449,Hobby_8,2020-08-26 14:51:27,922,2
Post_450,Hobby_0,2022-07-21 11:00:14,851,6
Post_451,Hobby_9,2021-07-02 23:20:14,191,4
Post_452,Hobby_0,2021-12-03 18:24:20,749,2
Post_453,Hobby_0,2020-11-30 21:43:09,762,10
Post_454,Hobby_5,2020-06-17 04:39:45,530,10
Post_455,Hobby_3,2022-01-07 08:44:35,845,4
Post_456,Hobby_7,2023-11-19 05:24:06,783,4
Post_457,Hobby_6,2020-07-10 03:02:13,732,3
Post_458,Hobby_1,2022-12-30 04:08:37,254,4
Post_459,Hobby_6,2020-02-29 19:35:55,375,1
Post_460,Hobby_4,2020-01-16 10:45:24,988,1
Post_461,Hobby_0,2022-11-22 06:23:41,265,10
Post_462,Hobby_3,2020-12-19 06:51:56,820,8
Post_463,Hobby_1,2020-11-06 07:47:06,972,6
Post_464,Hobby_5,2022-02-01 02:55:07,93,10
Post_465,Hobby_7,2021-08-20 07:24:15,514,9
Post_466,Hobby_5,2022-05-10 04:20:28,966,1
Post_467,Hobby_5,2020-05-10 10:39:05,604,3
Post_468,Hobby_5,2021-04-26 04:25:43,552,6
Post_469,Hobby_3,2021-01-28 16:21:01,884,3
Post_470,Hobby_9,2022-02-25 14:54:57,300,8
Post_471,Hobby_2,2021-08-18 22:00:39,356,7
Post_472,Hobby_0,2020-03-26 21:01:25,303,1
Post_473,Hobby_5,2021-11-06 21:49:36,542,9
Post_474,Hobby_3,2023-04-27 04:45:04,1000,5
Post_475,Hobby_6,2023-11-25 16:52:08,923,1
Post_476,Hobby_9,2022-01-18 22:29:09,525,6
Post_477,Hobby_3,2022-11-17 05:10:04,464,8
Post_478,Hobby_7,2023-03-22 18:43:34,254,2
Post_479,Hobby_4,2023-11-08 15:24:57,958,7
Post_480,Hobby_6,2020-07-18 23:38:23,242,1
Post_481,Hobby_2,2023-03-07 14:19:54,463,8
Post_482,Hobby_4,2024-01-08 18:36:45,860,8
Post_483,Hobby_9,2022-05-20 03:15:59,421,8
Post_484,Hobby_3,2022-06-14 03:05:07,573,4
Post_485,Hobby_6,2022-07-20 04:41:38,794,9
Post_486,Hobby_9,2021-10-10 05:40:50,99,10
Post_487,Hobby_2,2022-06-20 23:29:13,499,1
Post_488,Hobby_4,2022-02-05 10:33:23,548,1
Post_489,Hobby_2,2023-11-28 04:43:32,530,5
Post_490,Hobby_5,2021-02-05 20:11:57,7,7
Post_491,Hobby_7,2022-11-25 20:15:21,404,2
Post_492,Hobby_1,2023-08-03 16:16:36,38,1
Post_493,Hobby_0,2020-08-13 21:12:39,571,1
Post_494,Hobby_2,2023-04-16 07:14:35,518,7
Post_495,Hobby_3,2021-05-04 07:22:47,236,1
Post_496,Hobby_0,2021-08-16 14:10:14,782,8
Post_497,Hobby_9,2021-09-23 14:59:33,387,9
Post_498,Hobby_2,2020-05-26 00:23:14,23,7
Post_499,Hobby_4,2023-08-15 01:55:55,645,10
Post_500,Hobby_1,2024-02-10 19:15:22,759,1
Post_501,Hobby_3,2021-05-10 12:20:27,875,6
Post_502,Hobby_8,2021-09-09 04:15:28,342,2
Post_503,Hobby_5,2021-01-28 18:32:11,151,10
Post_504,Hobby_8,2020-09-02 05:10:53,480,4
Post_505,Hobby_6,2021-01-12 16:42:28,154,5
Post_506,Hobby_6,2022-05-01 17:29:38,410,4
Post_507,Hobby_1,2024-02-06 04:53:04,933,1
Post_508,Hobby_2,2023-01-16 05:29:34,881,2
Post_509,Hobby_1,2023-05-26 01:23:19,623,2
Post_510,Hobby_4,2022-02-10 05:53:10,641,4
Post_511,Hobby_7,2020-04-25 19:20:19,559,7
Post_512,Hobby_7,2020-11-17 01:53:05,198,2
Post_513,Hobby_0,2020-05-08 12:41:52,785,9
Post_514,Hobby_0,2021-10-19 11:45:35,921,1
Post_515,Hobby_3,2021-09-02 02:22:16,367,2
Post_516,Hobby_3,2021-01-01 23:35:11,697,6
Post_517,Hobby_1,2023-05-03 01:24:57,643,7
Post_518,Hobby_6,2024-02-14 12:07:07,217,7
Post_519,Hobby_7,2022-11-12 17:04:26,214,6
Post_520,Hobby_8,2020-02-13 13:55:32,677,1
Post_521,Hobby_4,2022-11-26 17:23:34,338,5
Post_522,Hobby_4,2023-12-16 09:02:53,57,6
Post_523,Hobby_6,2022-01-11 19:58:22,678,3
Post_524,Hobby_2,2022-05-31 01:50:42,137,10
Post_525,Hobby_0,2021-07-20 22:04:24,976,7
Post_526,Hobby_4,2021-04-15 08:42:50,260,10
Post_527,Hobby_8,2021-12-23 22:05:15,32,9
Post_528,Hobby_9,2021-08-20 21:41:48,682,6
Post_529,Hobby_3,2021-01-20 05:45:26,741,9
Post_530,Hobby_4,2021-01-29 04:40:42,5,2
Post_531,Hobby_1,2023-09-14 18:27:46,604,4
Post_532,Hobby_1,2022-06-30 23:06:33,653,4
Post_533,Hobby_0,2022-12-05 17:11:38,540,7
Post_534,Hobby_8,2020-02-12 20:10:49,857,2
Post_535,Hobby_5,2020-10-04 10:33:41,918,3
Post_536,Hobby_2,2023-06-04 00:05:37,948,9
Post_537,Hobby_5,2020-08-03 11:25:04,196,6
Post_538,Hobby_5,2020-09-27 09:28:48,944,8
Post_539,Hobby_4,2020-01-21 06:43:51,926,9
Post_540,Hobby_7,2022-07-11 09:33:36,916,6
Post_541,Hobby_3,2021-06-23 05:39:54,621,8
Post_542,Hobby_9,2021-08-01 19:28:21,653,6
Post_543,Hobby_9,2022-12-12 22:42:54,825,3
Post_544,Hobby_3,2023-07-09 17:43:10,311,8
Post_545,Hobby_7,2020-04-09 01:07:50,531,4
Post_546,Hobby_7,2020-08-03 21:11:29,148,10
Post_547,Hobby_0,2022-06-16 01:57:40,956,10
Post_548,Hobby_4,2020-04-18 02:08:48,997,2
Post_549,Hobby_3,2020-01-13 13:23:03,597,4
Post_550,Hobby_3,2021-10-15 02:40:33,209,1
Post_551,Hobby_7,2021-04-28 13:48:40,88,10
Post_552,Hobby_6,2021-04-17 09:08:47,437,5
Post_553,Hobby_7,2022-05-28 13:01:54,999,3
Post_554,Hobby_7,2021-09-21 20:34:12,369,5
Post_555,Hobby_3,2022-07-15 08:46:16,683,2
Post_556,Hobby_8,2023-01-18 10:43:09,702,9
Post_557,Hobby_5,2020-07-18 20:49:07,874,9
Post_558,Hobby_9,2021-01-17 12:50:34,204,7
Post_559,Hobby_6,2021-05-14 15:29:27,347,5
Post_560,Hobby_4,2022-05-07 20:12:24,924,2
Post_561,Hobby_7,2023-05-31 04:38:33,780,9
Post_562,Hobby_6,2023-12-10 13:05:17,217,6
Post_563,Hobby_4,2021-02-11 22:07:02,876,9
Post_564,Hobby_7,2021-08-10 02:36:35,783,2
Post_565,Hobby_4,2020-02-28 13:31:44,397,6
Post_566,Hobby_3,2020-12-03 08:17:50,444,10
Post_567,Hobby_4,2020-07-27 15:36:06,741,10
Post_568,Hobby_0,2020-08-19 18:14:08,92,5
Post_569,Hobby_0,2021-12-29 18:43:46,48,7
Post_570,Hobby_5,2022-03-24 09:09:42,22,4
Post_571,Hobby_9,2020-03-13 02:51:09,300,10
Post_572,Hobby_0,2023-11-08 09:57:34,207,5
Post_573,Hobby_4,2022-12-19 22:17:30,199,3
Post_574,Hobby_7,2022-08-26 04:46:15,780,7
Post_575,Hobby_1,2020-10-22 07:17:06,67,1
Post_576,Hobby_0,2022-02-16 02:51:19,443,10
Post_577,Hobby_7,2020-01-30 02:10:32,225,3
Post_578,Hobby_8,2023-12-23 11:20:13,27,7
Post_579,Hobby_4,2023-10-12 04:41:02,726,4
Post_580,Hobby_8,2022-06-15 02:25:29,222,3
Post_581,Hobby_5,2020-10-19 20:51:44,817,4
Post_582,Hobby_5,2021-05-10 14:19:23,95,8
Post_583,Hobby_9,2020-12-03 22:34:59,349,10
Post_584,Hobby_3,2022-05-05 10:03:02,783,1
Post_585,Hobby_8,2020-06-13 10:14:06,803,9
Post_586,Hobby_7,2022-07-20 23:01:35,757,4
Post_587,Hobby_0,2023-06-09 23:17:33,649,10
Post_588,Hobby_9,2020-06-08 20:25:49,789,9
Post_589,Hobby_1,2022-03-10 14:04:38,841,7
Post_590,Hobby_5,2022-07-16 07:01:04,385,1
Post_591,Hobby_5,2022-11-14 23:39:09,101,9
Post_592,Hobby_4,2023-07-01 15:18:14,586,4
Post_593,Hobby_6,2023-09-28 18:48:49,697,8
Post_594,Hobby_1,2021-04-26 09:35:22,736,8
Post_595,Hobby_5,2022-01-02 19:49:20,980,8
Post_596,Hobby_0,2021-06-22 22:40:10,346,10
Post_597,Hobby_9,2020-11-28 13:31:03,155,2
Post_598,Hobby_5,2023-10-04 04:05:09,56,7
Post_599,Hobby_0,2020-08-15 20:21:50,488,8
Post_600,Hobby_0,2023-12-09 17:41:43,626,10
Post_601,Hobby_7,2024-02-04 09:02:27,318,5
Post_602,Hobby_5,2022-10-04 23:04:35,73,10
Post_603,Hobby_5,2021-07-28 18:06:19,366,6
Post_604,Hobby_1,2020-06-08 19:53:14,69,8
Post_605,Hobby_8,2021-05-23 16:36:00,281,5
Post_606,Hobby_4,2022-02-03 13:40:09,950,4
Post_607,Hobby_2,2021-04-07 18:27:28,442,9
Post_608,Hobby_9,2021-07-13 08:51:26,938,6
Post_609,Hobby_3,2023-12-15 14:13:53,657,4
Post_610,Hobby_5,2023-06-17 21:43:26,378,6
Post_611,Hobby_7,2023-12-31 20:57:27,208,9
Post_612,Hobby_5,2021-11-01 02:05:31,246,9
Post_613,Hobby_7,2020-08-04 04:58:54,934,10
Post_614,Hobby_3,2022-01-26 18:04:03,898,7
Post_615,Hobby_2,2021-01-16 09:21:59,994,9
Post_616,Hobby_4,2023-10-22 16:49:02,211,6
Post_617,Hobby_6,2023-12-24 06:24:41,352,5
Post_618,Hobby_8,2021-09-24 02:52:17,330,2
Post_619,Hobby_9,2020-02-23 02:51:41,759,5
Post_620,Hobby_4,2020-12-04 18:58:08,570,10
Post_621,Hobby_4,2022-05-19 06:11:55,513,10
Post_622,Hobby_1,2022-09-13 17:43:46,817,9
Post_623,Hobby_2,2024-04-05 07:42:01,4,5
Post_624,Hobby_3,2023-10-02 14:37:53,659,2
Post_625,Hobby_4,2021-06-25 22:50:51,304,9
Post_626,Hobby_5,2022-08-29 10:07:20,833,3
Post_627,Hobby_5,2023-10-25 21:44:10,994,10
Post_628,Hobby_7,2023-11-18 15:41:11,80,2
Post_629,Hobby_4,2024-02-22 12:41:54,555,8
Post_630,Hobby_8,2021-03-31 16:51:43,343,7
Post_631,Hobby_0,2021-11-22 18:23:57,909,1
Post_632,Hobby_9,2023-10-07 21:54:31,612,7
Post_633,Hobby_6,2023-08-09 18:16:09,812,6
Post_634,Hobby_7,2022-06-03 23:03:35,206,7
Post_635,Hobby_8,2021-11-13 22:40:13,459,2
Post_636,Hobby_4,2021-05-19 14:23:40,852,3
Post_637,Hobby_4,2021-07-14 08:13:21,129,3
Post_638,Hobby_0,2021-06-08 09:48:48,919,1
Post_639,Hobby_6,2023-08-25 03:28:18,682,9
Post_640,Hobby_2,2024-01-17 09:11:05,513,3
Post_641,Hobby_4,2021-02-17 21:31:57,318,3
Post_642,Hobby_5,2020-10-30 00:25:52,335,2
Post_643,Hobby_3,2020-10-18 18:16:50,15,10
Post_644,Hobby_7,2020-02-29 01:35:06,457,4
Post_645,Hobby_7,2024-01-15 06:51:47,438,7
Post_646,Hobby_3,2023-08-08 15:21:23,271,7
Post_647,Hobby_9,2023-06-14 05:00:08,726,10
Post_648,Hobby_6,2021-01-27 01:03:45,533,8
Post_649,Hobby_0,2023-12-14 12:01:58,216,6
Post_650,Hobby_0,2024-03-26 15:31:03,57,10
Post_651,Hobby_7,2021-06-03 15:53:03,657,4
Post_652,Hobby_6,2023-12-11 12:42:55,344,8
Post_653,Hobby_4,2023-10-05 08:06:30,478,1
Post_654,Hobby_6,2021-07-30 19:19:47,439,3
Post_655,Hobby_9,2021-08-09 17:16:25,519,8
Post_656,Hobby_3,2022-10-19 15:31:16,753,8
Post_657,Hobby_2,2020-10-24 05:40:41,82,10
Post_658,Hobby_8,2020-07-22 01:15:14,53,10
Post_659,Hobby_1,2022-01-08 07:15:37,925,3
Post_660,Hobby_5,2022-11-15 08:25:33,245,4
Post_661,Hobby_0,2020-09-10 03:43:49,251,6
Post_662,Hobby_7,2021-07-05 17:29:10,851,4
Post_663,Hobby_8,2021-07-15 05:13:55,872,2
Post_664,Hobby_9,2023-08-15 10:15:37,978,1
Post_665,Hobby_7,2022-02-18 22:54:58,1000,10
Post_666,Hobby_7,2023-03-25 05:23:34,585,7
Post_667,Hobby_6,2020-01-16 02:24:53,415,9
Post_668,Hobby_2,2020-10-07 19:32:39,554,6
Post_669,Hobby_7,2024-03-09 02:53:40,288,10
Post_670,Hobby_9,2023-08-23 04:56:17,235,4
Post_671,Hobby_4,2021-02-25 16:05:02,282,4
Post_672,Hobby_7,2023-04-07 15:58:58,837,6
Post_673,Hobby_7,2020-03-04 13:07:38,829,5
Post_674,Hobby_3,2021-10-31 10:58:33,773,2
Post_675,Hobby_3,2022-04-23 11:49:49,647,5
Post_676,Hobby_8,2020-02-23 10:07:37,622,6
Post_677,Hobby_4,2022-10-01 13:14:12,637,5
Post_678,Hobby_5,2023-04-24 15:42:30,543,9
Post_679,Hobby_7,2021-01-25 00:41:16,953,1
Post_680,Hobby_3,2020-03-14 20:11:15,322,1
Post_681,Hobby_4,2022-09-14 04:34:19,144,6
Post_682,Hobby_0,2020-10-07 08:37:52,326,5
Post_683,Hobby_4,2022-08-02 18:42:26,414,5
Post_684,Hobby_2,2022-04-21 16:46:06,576,3
Post_685,Hobby_9,2022-03-12 04:14:45,164,1
Post_686,Hobby_0,2021-02-02 06:41:19,6,1
Post_687,Hobby_6,2022-07-14 21:13:05,311,7
Post_688,Hobby_9,2023-12-24 23:52:10,204,4
Post_689,Hobby_5,2020-10-31 14:32:18,232,4
Post_690,Hobby_6,2022-10-09 19:03:53,65,10
Post_691,Hobby_5,2022-06-12 11:54:04,383,1
Post_692,Hobby_9,2022-04-22 11:06:48,995,2
Post_693,Hobby_7,2021-02-26 22:24:35,422,10
Post_694,Hobby_1,2020-05-24 04:28:03,421,5
Post_695,Hobby_9,2024-03-21 03:43:46,763,4
Post_696,Hobby_5,2020-07-26 02:25:03,407,5
Post_697,Hobby_7,2024-04-04 20:42:27,442,1
Post_698,Hobby_5,2023-01-16 02:49:22,18,7
Post_699,Hobby_5,2021-08-19 11:22:47,391,10
Post_700,Hobby_0,2020-05-15 21:38:39,129,3
Post_701,Hobby_3,2021-07-22 02:36:04,379,2
Post_702,Hobby_6,2022-07-25 20:54:12,859,3
Post_703,Hobby_1,2022-02-10 21:38:13,924,8
Post_704,Hobby_5,2021-06-09 16:59:37,387,5
Post_705,Hobby_4,2020-01-31 20:32:17,50,4
Post_706,Hobby_8,2020-02-12 14:06:36,141,8
Post_707,Hobby_0,2022-11-28 17:52:26,369,4
Post_708,Hobby_3,2022-05-12 06:19:10,957,5
Post_709,Hobby_3,2022-05-20 20:09:41,755,5
Post_710,Hobby_8,2022-08-06 10:11:12,982,10
Post_711,Hobby_0,2021-09-15 02:04:05,504,2
Post_712,Hobby_3,2022-02-20 13:28:52,179,9
Post_713,Hobby_0,2024-01-03 18:13:13,946,2
Post_714,Hobby_5,2023-06-06 04:07:15,14,7
Post_715,Hobby_7,2020-05-18 23:46:51,566,10
Post_716,Hobby_6,2023-06-18 08:42:57,779,2
Post_717,Hobby_7,2022-03-26 17:51:51,56,1
Post_718,Hobby_9,2020-03-02 08:57:01,532,7
Post_719,Hobby_9,2020-04-09 19:38:34,988,4
Post_720,Hobby_9,2020-05-21 22:07:56,18,6
Post_721,Hobby_5,2024-01-05 06:46:11,173,8
Post_722,Hobby_0,2020-10-27 18:36:17,265,3
Post_723,Hobby_8,2022-10-28 04:26:22,376,5
Post_724,Hobby_8,2023-05-10 05:45:43,185,3
Post_725,Hobby_9,2020-05-25 13:08:13,346,6
Post_726,Hobby_8,2020-10-08 04:59:42,388,10
Post_727,Hobby_1,2024-01-12 00:40:51,433,10
Post_728,Hobby_2,2021-02-19 22:52:00,911,6
Post_729,Hobby_4,2024-01-14 20:20:02,567,1
Post_730,Hobby_8,2021-05-12 14:04:50,301,2
Post_731,Hobby_6,2022-11-27 21:03:33,975,6
Post_732,Hobby_1,2021-11-16 12:16:33,486,6
Post_733,Hobby_0,2020-07-25 14:21:13,381,8
Post_734,Hobby_1,2020-06-29 16:47:16,542,8
Post_735,Hobby_9,2023-04-22 17:49:56,830,2
Post_736,Hobby_5,2021-01-01 09:09:47,935,2
Post_737,Hobby_9,2021-06-29 23:23:13,277,6
Post_738,Hobby_8,2022-05-25 08:11:23,812,6
Post_739,Hobby_5,2022-05-20 07:13:01,407,5
Post_740,Hobby_9,2021-06-18 15:50:50,866,3
Post_741,Hobby_1,2023-07-07 10:57:45,223,5
Post_742,Hobby_3,2020-02-26 12:09:34,496,9
Post_743,Hobby_0,2021-03-24 14:16:22,442,10
Post_744,Hobby_2,2024-01-16 06:41:29,384,9
Post_745,Hobby_9,2020-08-22 11:18:24,885,10
Post_746,Hobby_1,2022-06-13 15:38:09,44,5
Post_747,Hobby_9,2022-05-22 01:04:33,769,7
Post_748,Hobby_4,2020-03-22 00:26:31,617,1
Post_749,Hobby_2,2023-04-16 12:41:55,609,7
Post_750,Hobby_3,2022-10-18 05:01:19,579,9
Post_751,Hobby_8,2022-04-11 20:22:43,533,1
Post_752,Hobby_8,2022-09-23 21:20:26,942,7
Post_753,Hobby_2,2020-05-15 22:12:07,906,6
Post_754,Hobby_9,2023-01-21 10:09:51,468,10
Post_755,Hobby_7,2020-08-31 10:48:30,283,1
Post_756,Hobby_2,2023-11-01 20:50:16,974,9
Post_757,Hobby_8,2023-12-04 15:10:23,591,3
Post_758,Hobby_3,2020-04-20 01:53:33,613,6
Post_759,Hobby_2,2021-05-05 11:27:40,529,10
Post_760,Hobby_3,2022-03-15 07:36:42,936,2
Post_761,Hobby_6,2022-11-12 20:27:51,267,8
Post_762,Hobby_0,2022-06-22 03:04:06,830,2
Post_763,Hobby_0,2020-11-18 10:33:57,549,5
Post_764,Hobby_5,2020-10-10 07:41:43,434,3
Post_765,Hobby_5,2021-07-15 02:37:12,579,6
Post_766,Hobby_4,2021-11-09 20:19:48,945,7
Post_767,Hobby_4,2022-04-20 20:54:59,403,6
Post_768,Hobby_6,2021-10-08 07:36:01,754,7
Post_769,Hobby_4,2020-02-01 16:30:09,724,6
Post_770,Hobby_8,2024-01-30 06:13:05,302,7
Post_771,Hobby_4,2020-11-17 04:36:13,165,4
Post_772,Hobby_7,2024-01-29 22:00:58,719,10
Post_773,Hobby_2,2020-07-09 06:34:36,82,10
Post_774,Hobby_9,2020-12-07 23:08:39,472,2
Post_775,Hobby_2,2023-04-09 10:18:47,421,7
Post_776,Hobby_2,2022-11-19 00:56:17,133,4
Post_777,Hobby_0,2020-08-25 06:56:19,779,4
Post_778,Hobby_3,2021-03-19 18:56:04,631,8
Post_779,Hobby_4,2020-05-17 00:04:09,83,5
Post_780,Hobby_5,2020-10-03 03:18:57,990,9
Post_781,Hobby_1,2023-02-09 04:05:34,709,8
Post_782,Hobby_8,2023-06-24 21:28:46,799,2
Post_783,Hobby_9,2022-01-14 07:10:33,525,6
Post_784,Hobby_4,2023-07-20 11:40:38,71,5
Post_785,Hobby_2,2022-06-14 04:00:28,664,1
Post_786,Hobby_6,2023-03-27 19:04:37,622,9
Post_787,Hobby_9,2020-12-01 09:13:10,943,1
Post_788,Hobby_0,2024-02-09 18:29:40,51,8
Post_789,Hobby_3,2023-02-14 01:43:51,617,3
Post_790,Hobby_1,2020-07-26 11:17:04,709,5
Post_791,Hobby_3,2023-01-27 21:23:29,647,4
Post_792,Hobby_0,2021-09-08 20:27:39,474,2
Post_793,Hobby_3,2020-08-24 18:08:24,514,8
Post_794,Hobby_8,2021-02-22 08:36:24,118,9
Post_795,Hobby_7,2020-01-20 22:53:12,320,1
Post_796,Hobby_6,2020-08-22 11:00:31,898,2
Post_797,Hobby_6,2021-11-03 15:17:51,63,8
Post_798,Hobby_5,2022-06-26 03:16:46,283,4
Post_799,Hobby_6,2023-11-20 05:26:25,831,1
Post_800,Hobby_5,2021-09-24 08:14:16,718,4
Post_801,Hobby_6,2020-10-29 07:47:28,451,10
Post_802,Hobby_2,2023-07-10 14:25:45,214,7
Post_803,Hobby_7,2023-09-01 20:38:28,295,8
Post_804,Hobby_0,2020-11-10 03:33:12,806,5
Post_805,Hobby_7,2021-03-30 19:53:01,754,6
Post_806,Hobby_5,2020-03-11 03:04:09,9,7
Post_807,Hobby_8,2020-06-30 15:51:54,231,10
Post_808,Hobby_5,2022-12-14 19:15:41,602,9
Post_809,Hobby_2,2023-04-09 04:29:24,119,5
Post_810,Hobby_3,2021-09-25 01:04:22,493,10
Post_811,Hobby_1,2022-12-20 16:58:47,229,4
Post_812,Hobby_4,2022-12-27 14:53:52,348,3
Post_813,Hobby_3,2021-09-24 23:13:34,596,4
Post_814,Hobby_1,2020-01-13 13:49:13,777,6
Post_815,Hobby_3,2023-03-07 18:27:07,334,7
Post_816,Hobby_2,2022-09-17 19:31:35,592,8
Post_817,Hobby_3,2021-06-15 01:04:41,760,6
Post_818,Hobby_0,2021-10-17 23:02:42,582,7
Post_819,Hobby_4,2022-02-12 23:33:15,265,3
Post_820,Hobby_6,2020-11-18 11:53:25,865,2
Post_821,Hobby_0,2020-04-17 04:35:37,103,7
Post_822,Hobby_7,2023-03-28 13:06:00,190,2
Post_823,Hobby_7,2021-07-26 01:26:14,699,4
Post_824,Hobby_8,2022-06-14 15:25:10,7,2
Post_825,Hobby_1,2024-03-30 00:37:56,237,6
Post_826,Hobby_9,2021-04-17 00:22:18,653,2
Post_827,Hobby_8,2022-12-24 03:23:37,694,4
Post_828,Hobby_8,2024-02-12 17:43:49,342,7
Post_829,Hobby_8,2021-08-30 15:42:45,818,2
Post_830,Hobby_4,2023-11-15 23:36:30,176,4
Post_831,Hobby_8,2022-08-01 06:42:21,864,9
Post_832,Hobby_4,2022-07-13 23:25:33,926,3
Post_833,Hobby_2,2022-07-16 19:49:45,718,5
Post_834,Hobby_5,2021-12-04 02:29:44,393,2
Post_835,Hobby_4,2023-10-30 01:14:57,794,8
Post_836,Hobby_1,2024-01-05 08:59:32,561,4
Post_837,Hobby_9,2021-06-25 13:41:36,368,6
Post_838,Hobby_7,2020-02-03 00:10:44,633,9
Post_839,Hobby_7,2021-08-04 18:54:08,587,5
Post_840,Hobby_0,2021-12-15 06:21:35,196,2
Post_841,Hobby_4,2020-03-02 12:42:08,977,5
Post_842,Hobby_7,2022-04-03 11:13:43,347,6
Post_843,Hobby_6,2021-10-04 11:14:24,400,10
Post_844,Hobby_4,2022-01-22 03:07:06,962,2
Post_845,Hobby_6,2020-02-16 06:42:35,71,3
Post_846,Hobby_8,2023-03-21 01:28:16,169,10
Post_847,Hobby_3,2020-11-07 03:43:29,980,8
Post_848,Hobby_6,2023-10-11 16:52:28,562,5
Post_849,Hobby_2,2020-01-06 09:22:05,752,6
Post_850,Hobby_7,2023-06-02 02:00:38,769,8
Post_851,Hobby_3,2021-05-09 19:08:01,255,1
Post_852,Hobby_1,2022-08-09 05:20:03,108,3
Post_853,Hobby_3,2020-12-03 11:44:49,990,1
Post_854,Hobby_4,2021-09-13 22:28:32,360,4
Post_855,Hobby_1,2022-04-03 02:17:51,318,6
Post_856,Hobby_0,2023-12-23 14:41:09,654,4
Post_857,Hobby_7,2023-02-19 11:10:44,188,5
Post_858,Hobby_7,2022-02-06 19:39:18,468,4
Post_859,Hobby_4,2022-09-09 21:02:43,789,1
Post_860,Hobby_9,2021-12-06 03:30:34,454,5
Post_861,Hobby_6,2023-03-10 04:34:20,106,6
Post_862,Hobby_0,2021-04-23 13:02:40,13,2
Post_863,Hobby_4,2023-12-19 19:27:13,358,4
Post_864,Hobby_0,2023-03-02 23:48:15,111,3
Post_865,Hobby_9,2020-02-12 02:41:53,179,4
Post_866,Hobby_6,2022-03-07 13:54:37,637,1
Post_867,Hobby_0,2023-12-28 16:51:57,572,7
Post_868,Hobby_3,2020-06-19 20:45:26,357,6
Post_869,Hobby_5,2023-12-16 21:39:25,946,3
Post_870,Hobby_0,2020-09-29 15:18:18,196,4
Post_871,Hobby_8,2022-10-23 16:53:20,759,8
Post_872,Hobby_3,2020-03-06 22:31:16,2,9
Post_873,Hobby_1,2021-12-15 15:39:44,624,9
Post_874,Hobby_2,2021-03-04 17:49:21,202,9
Post_875,Hobby_9,2023-03-02 04:23:10,496,2
Post_876,Hobby_4,2023-01-11 22:12:44,928,5
Post_877,Hobby_6,2021-07-05 18:27:19,438,10
Post_878,Hobby_2,2020-06-28 20:11:45,43,8
Post_879,Hobby_4,2020-08-15 03:44:36,192,1
Post_880,Hobby_0,2023-08-10 04:13:13,604,1
Post_881,Hobby_6,2021-10-08 04:36:02,864,4
Post_882,Hobby_7,2023-06-10 17:05:23,670,6
Post_883,Hobby_7,2020-07-11 17:01:10,533,6
Post_884,Hobby_2,2022-02-15 21:17:10,987,8
Post_885,Hobby_6,2021-12-07 12:02:53,275,4
Post_886,Hobby_4,2020-08-04 17:49:18,772,2
Post_887,Hobby_6,2023-03-17 01:51:10,799,8
Post_888,Hobby_3,2021-07-12 19:51:59,385,5
Post_889,Hobby_6,2023-10-20 07:13:20,631,6
Post_890,Hobby_0,2023-02-22 22:39:11,915,9
Post_891,Hobby_3,2023-10-24 01:01:56,18,3
Post_892,Hobby_7,2023-08-05 21:01:28,249,2
Post_893,Hobby_3,2023-02-10 15:08:56,315,5
Post_894,Hobby_4,2020-10-11 20:21:21,172,3
Post_895,Hobby_5,2022-03-25 09:16:55,127,2
Post_896,Hobby_9,2020-11-04 16:23:52,354,3
Post_897,Hobby_8,2020-04-28 22:39:55,405,4
Post_898,Hobby_5,2020-11-02 10:47:26,929,5
Post_899,Hobby_2,2020-06-05 07:23:50,503,5
Post_900,Hobby_7,2020-09-06 23:54:33,254,8
Post_901,Hobby_6,2021-06-19 08:35:30,146,4
Post_902,Hobby_4,2022-04-27 13:03:27,96,9
Post_903,Hobby_0,2023-01-25 06:07:45,240,2
Post_904,Hobby_3,2024-02-13 05:32:56,17,8
Post_905,Hobby_2,2022-11-11 11:44:06,628,3
Post_906,Hobby_6,2023-08-26 17:30:45,529,1
Post_907,Hobby_2,2020-09-14 17:09:39,741,3
Post_908,Hobby_3,2020-04-05 04:48:17,4,9
Post_909,Hobby_2,2022-03-20 18:19:23,557,1
Post_910,Hobby_8,2022-01-11 14:30:18,524,6
Post_911,Hobby_5,2021-09-05 04:07:53,233,1
Post_912,Hobby_6,2023-12-22 05:01:03,637,5
Post_913,Hobby_6,2020-03-31 11:38:48,563,7
Post_914,Hobby_7,2023-09-17 11:35:15,156,1
Post_915,Hobby_4,2022-10-27 17:35:41,855,4
Post_916,Hobby_4,2023-12-09 23:18:35,330,9
Post_917,Hobby_0,2023-11-18 04:46:51,423,4
Post_918,Hobby_7,2024-04-06 08:17:23,835,7
Post_919,Hobby_9,2021-04-06 18:02:17,992,5
Post_920,Hobby_1,2023-04-06 02:17:38,96,1
Post_921,Hobby_1,2022-02-11 09:54:36,933,1
Post_922,Hobby_1,2020-04-21 22:40:06,289,7
Post_923,Hobby_1,2020-02-22 18:23:17,140,2
Post_924,Hobby_5,2021-06-02 20:18:01,539,2
Post_925,Hobby_8,2020-07-27 08:35:02,711,3
Post_926,Hobby_2,2020-04-27 02:12:06,266,1
Post_927,Hobby_8,2020-07-07 11:25:48,191,8
Post_928,Hobby_5,2020-06-19 09:32:33,197,6
Post_929,Hobby_0,2020-10-05 18:33:19,284,10
Post_930,Hobby_3,2022-08-30 08:36:03,686,9
Post_931,Hobby_3,2022-07-10 18:29:47,725,2
Post_932,Hobby_6,2024-02-21 13:57:57,760,3
Post_933,Hobby_1,2023-12-26 13:55:46,888,1
Post_934,Hobby_7,2020-01-29 01:53:04,908,9
Post_935,Hobby_3,2022-04-18 05:30:45,947,1
Post_936,Hobby_5,2023-10-15 17:14:37,504,8
Post_937,Hobby_1,2020-06-19 05:39:51,176,3
Post_938,Hobby_7,2023-06-02 21:10:45,757,2
Post_939,Hobby_6,2020-03-29 02:53:00,39,6
Post_940,Hobby_6,2023-05-04 22:44:50,349,10
Post_941,Hobby_4,2020-01-16 16:05:37,706,1
Post_942,Hobby_9,2020-01-14 09:36:12,450,3
Post_943,Hobby_8,2020-09-27 17:24:38,192,9
Post_944,Hobby_3,2021-07-02 23:33:12,679,7
Post_945,Hobby_2,2020-09-11 12:00:08,74,9
Post_946,Hobby_7,2024-03-03 10:41:16,400,6
Post_947,Hobby_0,2022-02-24 22:32:04,511,7
Post_948,Hobby_9,2020-07-20 23:45:12,943,10
Post_949,Hobby_2,2024-02-21 12:42:23,10,10
Post_950,Hobby_5,2021-07-26 02:20:22,499,5
Post_951,Hobby_5,2023-03-25 17:42:18,99,7
Post_952,Hobby_1,2022-11-25 08:22:03,900,5
Post_953,Hobby_6,2020-07-13 05:34:21,65,8
Post_954,Hobby_8,2020-03-27 20:53:27,490,5
Post_955,Hobby_7,2020-05-08 06:54:00,529,2
Post_956,Hobby_7,2023-03-30 05:06:55,631,3
Post_957,Hobby_2,2021-07-26 16:12:16,747,8
Post_958,Hobby_5,2021-09-04 22:44:29,934,3
Post_959,Hobby_1,2022-09-15 09:03:42,168,9
Post_960,Hobby_2,2021-09-24 01:25:31,741,2
Post_961,Hobby_8,2021-07-06 09:40:14,270,8
Post_962,Hobby_0,2022-12-25 05:08:49,525,4
Post_963,Hobby_0,2022-11-16 19:44:11,772,1
Post_964,Hobby_4,2020-04-27 05:26:20,756,8
Post_965,Hobby_6,2021-03-15 07:16:44,740,10
Post_966,Hobby_2,2021-10-25 19:59:03,226,3
Post_967,Hobby_4,2024-04-02 19:04:20,874,9
Post_968,Hobby_2,2022-10-10 20:46:59,818,9
Post_969,Hobby_8,2020-09-21 07:08:08,154,3
Post_970,Hobby_3,2022-06-29 23:22:56,847,1
Post_971,Hobby_5,2020-05-20 12:18:04,13,9
Post_972,Hobby_6,2022-01-11 03:41:34,250,10
Post_973,Hobby_9,2020-12-01 07:13:14,239,7
Post_974,Hobby_6,2022-04-09 23:11:30,378,6
Post_975,Hobby_6,2020-12-05 13:48:23,569,6
Post_976,Hobby_4,2020-05-04 17:22:27,351,7
Post_977,Hobby_7,2021-04-25 21:14:53,926,7
Post_978,Hobby_9,2023-04-06 13:22:42,472,1
Post_979,Hobby_0,2022-08-26 08:16:27,422,4
Post_980,Hobby_3,2022-03-16 23:12:21,557,9
Post_981,Hobby_3,2022-04-25 09:10:23,649,4
Post_982,Hobby_0,2024-01-04 03:37:50,686,5
Post_983,Hobby_5,2022-01-15 04:06:32,527,10
Post_984,Hobby_6,2023-10-31 13:17:38,968,8
Post_985,Hobby_6,2021-03-14 01:33:50,934,5
Post_986,Hobby_2,2023-11-17 17:22:17,586,8
Post_987,Hobby_4,2023-06-07 02:02:51,866,6
Post_988,Hobby_1,2022-01-24 01:47:15,635,9
Post_989,Hobby_0,2022-09-23 00:43:59,446,4
Post_990,Hobby_8,2020-06-08 02:29:54,103,8
Post_991,Hobby_8,2023-11-06 23:28:21,784,2
Post_992,Hobby_8,2022-03-02 09:55:22,387,9
Post_993,Hobby_1,2022-10-04 01:31:26,24,3
Post_994,Hobby_4,2022-05-17 10:10:27,922,1
Post_995,Hobby_6,2020-05-20 15:28:01,914,1
Post_996,Hobby_9,2023-01-17 17:13:44,983,10
Post_997,Hobby_0,2024-03-06 23:55:58,555,8
Post_998,Hobby_4,2022-10-03 14:34:57,782,7
Post_999,Hobby_7,2021-03-23 19:00:26,652,10
Post_1000,Hobby_6,2020-05-14 05:41:19,903,6
Post_1001,Hobby_8,2023-04-06 22:57:54,198,8
Post_1002,Hobby_5,2023-08-22 14:30:52,425,2
Post_1003,Hobby_3,2021-11-07 03:53:11,546,5
Post_1004,Hobby_1,2022-01-19 16:26:01,254,3
Post_1005,Hobby_0,2020-05-21 13:38:43,108,1
Post_1006,Hobby_2,2022-05-08 14:18:59,962,2
Post_1007,Hobby_5,2022-10-02 13:23:43,589,1
Post_1008,Hobby_0,2021-07-02 03:18:42,795,5
Post_1009,Hobby_0,2020-03-06 22:31:33,336,7
Post_1010,Hobby_3,2022-04-22 05:18:53,330,3
Post_1011,Hobby_3,2021-07-24 08:26:44,296,7
Post_1012,Hobby_0,2023-10-13 19:25:19,994,9
Post_1013,Hobby_1,2021-08-06 07:03:30,1000,2
Post_1014,Hobby_8,2020-02-20 13:59:21,90,3
Post_1015,Hobby_8,2022-05-16 13:52:25,717,4
Post_1016,Hobby_7,2020-02-09 12:18:13,884,2
Post_1017,Hobby_3,2020-10-10 09:36:23,380,9
Post_1018,Hobby_6,2020-09-25 15:47:47,200,6
Post_1019,Hobby_0,2022-03-02 11:59:29,511,6
Post_1020,Hobby_7,2020-03-21 17:11:43,342,6
Post_1021,Hobby_5,2021-08-10 18:32:51,86,7
Post_1022,Hobby_8,2024-02-02 06:13:20,121,7
Post_1023,Hobby_6,2021-01-02 23:57:58,980,10
Post_1024,Hobby_6,2020-11-19 11:16:01,502,6
Post_1025,Hobby_0,2022-05-29 00:08:42,346,9
Post_1026,Hobby_1,2023-07-01 02:46:28,976,5
Post_1027,Hobby_5,2022-09-04 09:55:58,39,8
Post_1028,Hobby_8,2021-03-02 22:53:40,894,9
Post_1029,Hobby_7,2020-04-22 09:13:27,810,3
Post_1030,Hobby_9,2021-01-05 02:10:34,273,1
Post_1031,Hobby_1,2023-09-02 18:06:46,73,10
Post_1032,Hobby_8,2023-10-10 09:05:40,296,1
Post_1033,Hobby_4,2020-08-25 01:44:51,225,6
Post_1034,Hobby_8,2024-03-12 15:57:44,550,4
Post_1035,Hobby_6,2023-02-08 19:49:09,44,3
Post_1036,Hobby_6,2020-10-26 04:05:01,353,4
Post_1037,Hobby_9,2023-02-25 16:11:26,130,7
Post_1038,Hobby_2,2020-09-25 04:08:00,108,5
Post_1039,Hobby_8,2024-01-09 04:06:58,308,8
Post_1040,Hobby_9,2022-11-13 21:29:22,771,5
Post_1041,Hobby_7,2023-03-09 03:13:26,313,10
Post_1042,Hobby_9,2022-11-06 21:24:07,841,2
Post_1043,Hobby_5,2020-06-24 19:36:06,798,8
Post_1044,Hobby_9,2023-03-09 15:12:09,323,7
Post_1045,Hobby_3,2023-02-11 18:55:55,355,3
Post_1046,Hobby_9,2023-02-09 06:36:29,814,3
Post_1047,Hobby_7,2021-05-28 03:48:15,504,5
Post_1048,Hobby_6,2023-02-01 08:30:25,844,4
Post_1049,Hobby_4,2022-12-04 11:35:11,243,4
Post_1050,Hobby_7,2023-07-08 02:10:51,839,3
Post_1051,Hobby_4,2022-02-21 07:29:50,798,7
Post_1052,Hobby_8,2020-11-29 12:57:27,632,6
Post_1053,Hobby_8,2021-05-08 04:52:15,773,3
Post_1054,Hobby_1,2024-02-23 05:35:56,701,2
Post_1055,Hobby_1,2023-07-14 01:39:20,779,1
Post_1056,Hobby_1,2020-02-24 16:58:25,94,1
Post_1057,Hobby_8,2021-07-12 01:41:18,72,8
Post_1058,Hobby_3,2022-10-28 12:59:02,381,4
Post_1059,Hobby_9,2020-12-26 07:39:20,522,1
Post_1060,Hobby_5,2023-09-12 23:29:16,917,1
Post_1061,Hobby_3,2020-12-09 20:46:35,34,7
Post_1062,Hobby_4,2023-08-13 13:41:26,605,10
Post_1063,Hobby_0,2022-06-23 11:51:08,855,8
Post_1064,Hobby_6,2021-09-19 03:27:04,231,5
Post_1065,Hobby_9,2023-06-23 13:51:33,442,9
Post_1066,Hobby_0,2020-10-31 10:32:12,444,6
Post_1067,Hobby_0,2020-01-05 16:59:56,425,5
Post_1068,Hobby_7,2022-07-20 17:10:49,61,9
Post_1069,Hobby_9,2021-12-12 07:16:37,884,10
Post_1070,Hobby_9,2021-06-24 22:59:21,471,10
Post_1071,Hobby_8,2024-03-18 01:31:36,68,9
Post_1072,Hobby_7,2023-11-15 01:47:12,610,2
Post_1073,Hobby_5,2021-11-21 11:11:07,824,8
Post_1074,Hobby_0,2023-03-04 08:19:53,740,4
Post_1075,Hobby_0,2021-09-03 00:41:51,885,5
Post_1076,Hobby_0,2022-12-15 02:08:21,845,7
Post_1077,Hobby_0,2021-09-08 08:14:10,955,10
Post_1078,Hobby_1,2023-03-23 05:51:45,204,7
Post_1079,Hobby_5,2023-11-05 22:02:02,962,1
Post_1080,Hobby_8,2021-11-02 07:15:14,65,6
Post_1081,Hobby_4,2020-08-23 16:07:04,653,6
Post_1082,Hobby_8,2021-02-11 03:01:33,412,7
Post_1083,Hobby_2,2022-02-04 11:54:23,447,6
Post_1084,Hobby_0,2021-11-17 17:41:49,813,2
Post_1085,Hobby_7,2020-05-21 19:46:51,289,10
Post_1086,Hobby_8,2024-02-22 22:53:34,481,5
Post_1087,Hobby_8,2024-01-15 08:02:41,57,8
Post_1088,Hobby_1,2022-09-05 06:31:22,39,3
Post_1089,Hobby_1,2021-05-11 05:52:51,904,1
Post_1090,Hobby_8,2022-11-05 17:16:07,666,10
Post_1091,Hobby_4,2021-05-26 04:37:13,555,7
Post_1092,Hobby_6,2023-07-07 12:46:44,782,9
Post_1093,Hobby_0,2021-01-16 22:50:04,13,1
Post_1094,Hobby_7,2021-01-31 20:16:40,826,4
Post_1095,Hobby_8,2022-09-02 00:22:31,810,4
Post_1096,Hobby_8,2021-10-26 17:08:51,739,10
Post_1097,Hobby_5,2022-03-30 15:13:50,843,3
Post_1098,Hobby_7,2023-01-04 02:50:24,331,4
Post_1099,Hobby_8,2020-09-04 09:10:22,134,7
Post_1100,Hobby_8,2023-02-19 02:14:42,357,8
Post_1101,Hobby_5,2020-06-23 14:28:58,585,4
Post_1102,Hobby_9,2022-06-06 22:25:05,731,7
Post_1103,Hobby_1,2023-04-17 23:50:02,4,5
Post_1104,Hobby_0,2023-07-01 01:36:07,371,8
Post_1105,Hobby_0,2020-07-11 01:48:37,939,5
Post_1106,Hobby_2,2020-06-14 15:17:46,781,10
Post_1107,Hobby_8,2022-06-07 14:31:44,999,8
Post_1108,Hobby_0,2021-08-31 06:32:49,728,4
Post_1109,Hobby_9,2024-01-29 06:33:42,411,10
Post_1110,Hobby_9,2022-11-22 12:14:09,967,10
Post_1111,Hobby_8,2024-03-09 11:08:00,873,8
Post_1112,Hobby_0,2022-01-30 13:54:59,269,8
Post_1113,Hobby_0,2023-11-11 12:51:23,725,5
Post_1114,Hobby_6,2020-01-12 21:23:09,651,9
Post_1115,Hobby_9,2021-03-22 19:24:59,754,7
Post_1116,Hobby_8,2023-06-04 17:30:39,291,8
Post_1117,Hobby_1,2021-08-04 07:41:43,369,8
Post_1118,Hobby_2,2021-09-25 09:08:22,256,3
Post_1119,Hobby_8,2022-08-21 21:25:40,242,8
Post_1120,Hobby_3,2023-06-30 14:28:40,344,8
Post_1121,Hobby_5,2022-02-05 07:05:37,814,4
Post_1122,Hobby_8,2021-05-12 08:09:58,306,8
Post_1123,Hobby_5,2021-01-11 11:09:58,846,1
Post_1124,Hobby_1,2020-07-18 20:48:30,374,4
Post_1125,Hobby_2,2020-05-27 06:05:45,149,8
Post_1126,Hobby_4,2023-05-19 07:36:00,92,9
Post_1127,Hobby_7,2020-12-10 13:21:46,903,9
Post_1128,Hobby_4,2022-10-03 04:39:59,961,10
Post_1129,Hobby_6,2023-08-09 20:53:04,766,7
Post_1130,Hobby_8,2023-05-01 06:39:47,154,5
Post_1131,Hobby_7,2021-08-01 03:27:51,889,8
Post_1132,Hobby_6,2022-09-14 06:48:27,94,1
Post_1133,Hobby_3,2022-07-27 11:55:44,926,1
Post_1134,Hobby_0,2020-03-07 08:38:33,546,9
Post_1135,Hobby_1,2021-01-31 02:04:16,195,9
Post_1136,Hobby_5,2024-02-03 08:58:08,165,3
Post_1137,Hobby_9,2020-05-22 09:48:36,813,1
Post_1138,Hobby_0,2024-04-10 13:23:32,976,5
Post_1139,Hobby_3,2023-10-10 16:26:32,72,4
Post_1140,Hobby_1,2020-09-11 00:51:17,750,7
Post_1141,Hobby_8,2020-03-03 11:19:57,548,7
Post_1142,Hobby_6,2020-10-27 14:50:11,39,9
Post_1143,Hobby_2,2020-08-27 00:57:47,869,2
Post_1144,Hobby_5,2022-01-02 07:37:30,212,2
Post_1145,Hobby_6,2020-11-19 18:37:46,380,4
Post_1146,Hobby_4,2022-07-19 16:44:48,896,6
Post_1147,Hobby_6,2022-01-11 22:07:23,128,7
Post_1148,Hobby_9,2022-12-26 14:50:56,771,6
Post_1149,Hobby_2,2023-06-02 17:55:09,18,4
Post_1150,Hobby_9,2020-12-15 11:14:38,178,10
Post_1151,Hobby_4,2022-04-06 18:13:13,983,6
Post_1152,Hobby_0,2020-06-19 16:48:38,184,7
Post_1153,Hobby_0,2020-07-14 07:53:13,704,2
Post_1154,Hobby_0,2022-09-22 07:10:33,60,8
Post_1155,Hobby_8,2022-03-25 13:58:58,220,7
Post_1156,Hobby_5,2023-12-14 08:42:33,820,1
Post_1157,Hobby_7,2020-06-12 04:48:20,649,3
Post_1158,Hobby_0,2020-11-28 20:59:41,274,8
Post_1159,Hobby_6,2023-02-10 23:04:46,1,1
Post_1160,Hobby_1,2020-08-23 00:30:45,133,6
Post_1161,Hobby_7,2020-07-27 09:49:36,792,7
Post_1162,Hobby_2,2022-08-31 09:35:42,16,6
Post_1163,Hobby_6,2022-08-03 04:50:21,868,6
Post_1164,Hobby_4,2021-03-25 03:17:13,758,7
Post_1165,Hobby_4,2020-12-15 18:27:59,757,10
Post_1166,Hobby_1,2022-11-14 09:05:16,313,1
Post_1167,Hobby_3,2022-10-04 08:19:57,161,10
Post_1168,Hobby_2,2022-09-25 05:57:25,464,2
Post_1169,Hobby_3,2021-05-18 15:15:58,654,8
Post_1170,Hobby_5,2024-01-09 18:11:20,984,3
Post_1171,Hobby_6,2022-07-30 04:01:20,598,5
Post_1172,Hobby_8,2020-02-01 13:18:03,95,1
Post_1173,Hobby_9,2023-12-28 02:47:51,63,6
Post_1174,Hobby_0,2022-03-26 10:36:33,270,5
Post_1175,Hobby_7,2020-01-08 14:48:52,399,5
Post_1176,Hobby_1,2021-05-12 19:08:15,278,1
Post_1177,Hobby_1,2023-09-09 23:32:32,847,10
Post_1178,Hobby_9,2023-09-11 15:38:51,549,2
Post_1179,Hobby_5,2024-04-04 16:27:45,379,2
Post_1180,Hobby_2,2021-06-08 18:02:32,395,8
Post_1181,Hobby_0,2021-03-06 02:54:08,119,1
Post_1182,Hobby_4,2021-09-23 05:46:33,513,2
Post_1183,Hobby_9,2020-01-31 12:56:15,663,6
Post_1184,Hobby_2,2020-12-19 20:55:29,509,6
Post_1185,Hobby_7,2024-02-09 10:54:33,958,8
Post_1186,Hobby_6,2023-02-10 00:16:53,282,9
Post_1187,Hobby_9,2024-03-26 18:50:58,70,9
Post_1188,Hobby_2,2020-11-24 10:11:42,943,1
Post_1189,Hobby_5,2020-11-30 09:07:32,172,5
Post_1190,Hobby_1,2021-03-17 18:13:00,572,8
Post_1191,Hobby_8,2023-10-03 10:25:03,997,5
Post_1192,Hobby_7,2023-02-23 07:49:19,971,2
Post_1193,Hobby_0,2023-04-02 13:13:41,994,6
Post_1194,Hobby_4,2023-10-29 01:55:35,314,9
Post_1195,Hobby_3,2020-10-30 12:10:34,219,7
Post_1196,Hobby_2,2020-06-19 01:51:44,187,9
Post_1197,Hobby_9,2020-02-15 11:04:50,352,3
Post_1198,Hobby_9,2020-03-15 11:23:23,963,4
Post_1199,Hobby_6,2021-03-07 10:11:04,781,5
Post_1200,Hobby_6,2021-12-25 16:01:49,716,7
Post_1201,Hobby_9,2023-05-10 04:00:48,286,1
Post_1202,Hobby_6,2024-03-04 11:38:22,400,3
Post_1203,Hobby_7,2020-05-03 22:55:43,921,2
Post_1204,Hobby_1,2020-04-28 20:55:52,705,7
Post_1205,Hobby_0,2023-10-29 15:17:26,842,1
Post_1206,Hobby_4,2022-03-25 15:01:48,103,7
Post_1207,Hobby_2,2023-01-26 04:06:01,281,4
Post_1208,Hobby_1,2020-06-06 05:45:25,346,1
Post_1209,Hobby_3,2022-05-23 17:42:06,590,10
Post_1210,Hobby_0,2023-06-30 02:40:43,393,6
Post_1211,Hobby_9,2021-05-16 19:29:44,823,9
Post_1212,Hobby_1,2020-02-14 18:47:26,215,3
Post_1213,Hobby_7,2021-01-28 15:07:43,981,1
Post_1214,Hobby_0,2020-06-21 08:40:38,207,2
Post_1215,Hobby_6,2023-08-09 21:13:59,379,3
Post_1216,Hobby_3,2022-01-26 16:41:23,951,2
Post_1217,Hobby_7,2021-07-13 06:03:34,67,6
Post_1218,Hobby_5,2022-10-01 16:51:08,294,2
Post_1219,Hobby_1,2020-03-02 04:44:56,189,7
Post_1220,Hobby_7,2022-09-20 12:42:37,377,4
Post_1221,Hobby_6,2022-10-10 23:34:25,876,3
Post_1222,Hobby_8,2020-10-07 22:35:06,693,10
Post_1223,Hobby_2,2022-07-12 01:10:50,55,2
Post_1224,Hobby_4,2022-06-29 04:18:46,687,6
Post_1225,Hobby_1,2021-07-20 22:43:57,702,10
Post_1226,Hobby_9,2021-10-04 16:17:35,772,8
Post_1227,Hobby_7,2021-12-12 06:59:57,230,2
Post_1228,Hobby_9,2023-10-06 21:52:02,691,3
Post_1229,Hobby_4,2021-04-05 02:23:54,5,7
Post_1230,Hobby_8,2020-10-05 12:20:07,803,4
Post_1231,Hobby_2,2021-11-19 20:51:59,43,10
Post_1232,Hobby_2,2021-10-17 02:17:59,393,9
Post_1233,Hobby_0,2022-10-26 10:24:53,75,8
Post_1234,Hobby_0,2020-11-08 19:29:26,22,5
Post_1235,Hobby_6,2021-05-08 09:41:19,742,1
Post_1236,Hobby_5,2022-08-28 22:01:34,303,1
Post_1237,Hobby_2,2020-07-05 21:04:19,577,9
Post_1238,Hobby_5,2022-07-29 06:53:10,70,1
Post_1239,Hobby_7,2023-08-01 20:52:00,321,4
Post_1240,Hobby_3,2022-05-13 16:32:32,662,3
Post_1241,Hobby_5,2021-10-14 15:34:41,868,4
Post_1242,Hobby_7,2023-08-13 11:09:31,694,4
Post_1243,Hobby_9,2021-01-06 20:21:57,288,4
Post_1244,Hobby_6,2023-09-03 20:52:55,974,5
Post_1245,Hobby_2,2021-12-08 06:30:37,149,3
Post_1246,Hobby_4,2021-03-19 19:48:27,230,10
Post_1247,Hobby_5,2022-10-22 22:42:44,149,6
Post_1248,Hobby_0,2023-05-23 05:15:01,811,7
Post_1249,Hobby_5,2021-02-20 19:16:46,927,3
